month,자치구,지역,소음 평균(dB)
2023.1,Dobong-gu,commercial_area,44.30530069032444
2023.2,Dobong-gu,commercial_area,42.534610872574945
2023.3,Dobong-gu,commercial_area,43.79654793246747
2023.4,Dobong-gu,commercial_area,41.91096585713865
2023.5,Dobong-gu,commercial_area,38.835393791471546
2023.6,Dobong-gu,commercial_area,40.049125600166086
2023.7,Dobong-gu,commercial_area,39.750203138181135
2023.8,Dobong-gu,commercial_area,37.23770901145271
2023.9,Dobong-gu,commercial_area,36.764019843942314
2023.10,Dobong-gu,commercial_area,36.64583051028326
2023.11,Dobong-gu,commercial_area,36.2898183563394
2023.12,Dobong-gu,commercial_area,37.38177384968788
2023.1,Dobong-gu,industrial_area,47.74831735666453
2023.2,Dobong-gu,industrial_area,48.07461993454702
2023.3,Dobong-gu,industrial_area,48.08923128612496
2023.4,Dobong-gu,industrial_area,46.50532345978369
2023.5,Dobong-gu,industrial_area,47.03046074315339
2023.6,Dobong-gu,industrial_area,46.79349837434082
2023.7,Dobong-gu,industrial_area,45.97005365916583
2023.8,Dobong-gu,industrial_area,50.86586323912313
2023.9,Dobong-gu,industrial_area,49.96067337548146
2023.10,Dobong-gu,industrial_area,48.7159992805327
2023.11,Dobong-gu,industrial_area,48.82494480453876
2023.12,Dobong-gu,industrial_area,48.79631898656492
2023.1,Dobong-gu,main_street,58.252812291686126
2023.2,Dobong-gu,main_street,58.53224895396922
2023.3,Dobong-gu,main_street,58.91364471116873
2023.4,Dobong-gu,main_street,58.14012364237929
2023.5,Dobong-gu,main_street,57.913962241443556
2023.6,Dobong-gu,main_street,59.18903683471811
2023.7,Dobong-gu,main_street,60.02265395567437
2023.8,Dobong-gu,main_street,61.366986404310474
2023.9,Dobong-gu,main_street,59.01804995423593
2023.10,Dobong-gu,main_street,58.2900247971309
2023.11,Dobong-gu,main_street,58.7229845967533
2023.12,Dobong-gu,main_street,57.42456876793758
2023.1,Dobong-gu,residential_area,47.60897148423042
2023.2,Dobong-gu,residential_area,47.179314041831624
2023.3,Dobong-gu,residential_area,47.524520199013004
2023.4,Dobong-gu,residential_area,46.340499580363385
2023.5,Dobong-gu,residential_area,46.87154186975211
2023.6,Dobong-gu,residential_area,47.03963512365441
2023.7,Dobong-gu,residential_area,65.77115115773859
2023.8,Dobong-gu,residential_area,49.10029826664308
2023.9,Dobong-gu,residential_area,47.01575384562123
2023.10,Dobong-gu,residential_area,45.98726224547049
2023.11,Dobong-gu,residential_area,46.50523410098963
2023.12,Dobong-gu,residential_area,46.13028703109028
2023.1,Dobong-gu,roads_and_parks,54.010610789055065
2023.2,Dobong-gu,roads_and_parks,53.923588949936686
2023.3,Dobong-gu,roads_and_parks,54.935798063470415
2023.4,Dobong-gu,roads_and_parks,54.33130299025355
2023.5,Dobong-gu,roads_and_parks,54.8970554693462
2023.6,Dobong-gu,roads_and_parks,53.81722139590802
2023.7,Dobong-gu,roads_and_parks,69.21639414177714
2023.8,Dobong-gu,roads_and_parks,52.71248243280913
2023.9,Dobong-gu,roads_and_parks,50.75703312703474
2023.10,Dobong-gu,roads_and_parks,50.85670778481599
2023.11,Dobong-gu,roads_and_parks,51.993917646470656
2023.12,Dobong-gu,roads_and_parks,52.0985942416876
2023.1,Dobong-gu,traditional_markets,42.15412225793973
2023.2,Dobong-gu,traditional_markets,42.45875635507124
2023.3,Dobong-gu,traditional_markets,42.28896253741466
2023.4,Dobong-gu,traditional_markets,41.953458758270884
2023.5,Dobong-gu,traditional_markets,41.889854869844235
2023.6,Dobong-gu,traditional_markets,40.953145108293526
2023.7,Dobong-gu,traditional_markets,63.008207786459096
2023.8,Dobong-gu,traditional_markets,42.01267389028453
2023.9,Dobong-gu,traditional_markets,40.719813518612206
2023.10,Dobong-gu,traditional_markets,40.68997166694182
2023.11,Dobong-gu,traditional_markets,41.45390221149725
2023.12,Dobong-gu,traditional_markets,42.43335536803625
2023.1,Dongdaemun-gu,commercial_area,51.327871472664555
2023.2,Dongdaemun-gu,commercial_area,51.30367964562112
2023.3,Dongdaemun-gu,commercial_area,51.59028976101441
2023.4,Dongdaemun-gu,commercial_area,50.53649391570614
2023.5,Dongdaemun-gu,commercial_area,50.84578656941087
2023.6,Dongdaemun-gu,commercial_area,49.956376300958965
2023.7,Dongdaemun-gu,commercial_area,50.054038159486176
2023.8,Dongdaemun-gu,commercial_area,50.74892190480284
2023.9,Dongdaemun-gu,commercial_area,50.60880822751815
2023.10,Dongdaemun-gu,commercial_area,50.458759204104595
2023.11,Dongdaemun-gu,commercial_area,50.79083889576564
2023.12,Dongdaemun-gu,commercial_area,50.71336734338366
2023.1,Dongdaemun-gu,residential_area,48.53238079302314
2023.2,Dongdaemun-gu,residential_area,47.87237652495934
2023.3,Dongdaemun-gu,residential_area,48.18141968971311
2023.4,Dongdaemun-gu,residential_area,47.87003808383996
2023.5,Dongdaemun-gu,residential_area,48.39997261957867
2023.6,Dongdaemun-gu,residential_area,47.43700349702613
2023.7,Dongdaemun-gu,residential_area,48.04879266358195
2023.8,Dongdaemun-gu,residential_area,48.55260792147162
2023.9,Dongdaemun-gu,residential_area,46.24332242325631
2023.10,Dongdaemun-gu,residential_area,45.12051054710731
2023.11,Dongdaemun-gu,residential_area,45.335379230251405
2023.12,Dongdaemun-gu,residential_area,45.21031354426285
2023.1,Dongdaemun-gu,roads_and_parks,63.582355170563964
2023.2,Dongdaemun-gu,roads_and_parks,64.31830358823113
2023.3,Dongdaemun-gu,roads_and_parks,64.69619907456338
2023.4,Dongdaemun-gu,roads_and_parks,64.15047754129024
2023.5,Dongdaemun-gu,roads_and_parks,64.0274750879658
2023.6,Dongdaemun-gu,roads_and_parks,64.19087950261125
2023.7,Dongdaemun-gu,roads_and_parks,64.4789204658764
2023.8,Dongdaemun-gu,roads_and_parks,64.75387188349754
2023.9,Dongdaemun-gu,roads_and_parks,63.90415440416575
2023.10,Dongdaemun-gu,roads_and_parks,64.07731190135668
2023.11,Dongdaemun-gu,roads_and_parks,64.28812759594321
2023.12,Dongdaemun-gu,roads_and_parks,63.70062972866061
2023.1,Dongjak-gu,commercial_area,48.57165115849334
2023.2,Dongjak-gu,commercial_area,48.36483160546136
2023.3,Dongjak-gu,commercial_area,48.3523990227216
2023.4,Dongjak-gu,commercial_area,47.67237939656051
2023.5,Dongjak-gu,commercial_area,48.81356861143112
2023.6,Dongjak-gu,commercial_area,49.31792868909716
2023.7,Dongjak-gu,commercial_area,51.40245426301513
2023.8,Dongjak-gu,commercial_area,52.418993595933486
2023.9,Dongjak-gu,commercial_area,48.57981315233035
2023.10,Dongjak-gu,commercial_area,48.000947971984814
2023.11,Dongjak-gu,commercial_area,48.76263245277428
2023.12,Dongjak-gu,commercial_area,47.49452639211713
2023.1,Dongjak-gu,industrial_area,47.43555722414021
2023.2,Dongjak-gu,industrial_area,47.19517627940203
2023.3,Dongjak-gu,industrial_area,46.81570285621659
2023.4,Dongjak-gu,industrial_area,45.91118991671603
2023.5,Dongjak-gu,industrial_area,45.62769432867911
2023.6,Dongjak-gu,industrial_area,45.12055480865639
2023.7,Dongjak-gu,industrial_area,47.39835182373757
2023.8,Dongjak-gu,industrial_area,49.83016639935806
2023.9,Dongjak-gu,industrial_area,45.25321315040196
2023.10,Dongjak-gu,industrial_area,45.607590099050334
2023.11,Dongjak-gu,industrial_area,47.47539918841112
2023.12,Dongjak-gu,industrial_area,47.99920582063018
2023.1,Dongjak-gu,residential_area,48.37361141594647
2023.2,Dongjak-gu,residential_area,48.29800258271791
2023.3,Dongjak-gu,residential_area,48.62480667369348
2023.4,Dongjak-gu,residential_area,48.51204288017099
2023.5,Dongjak-gu,residential_area,48.812266846474856
2023.6,Dongjak-gu,residential_area,48.704007781555056
2023.7,Dongjak-gu,residential_area,63.90585122262283
2023.8,Dongjak-gu,residential_area,51.94866622784346
2023.9,Dongjak-gu,residential_area,49.31577883460149
2023.10,Dongjak-gu,residential_area,47.86227645016635
2023.11,Dongjak-gu,residential_area,48.24366868848503
2023.12,Dongjak-gu,residential_area,47.92974220928796
2023.1,Dongjak-gu,roads_and_parks,56.48494118911203
2023.2,Dongjak-gu,roads_and_parks,55.441988084028104
2023.3,Dongjak-gu,roads_and_parks,55.20203360299895
2023.4,Dongjak-gu,roads_and_parks,55.275035456880026
2023.5,Dongjak-gu,roads_and_parks,55.21533607373011
2023.6,Dongjak-gu,roads_and_parks,54.86459043731747
2023.7,Dongjak-gu,roads_and_parks,55.003540323385934
2023.8,Dongjak-gu,roads_and_parks,54.84131855973707
2023.9,Dongjak-gu,roads_and_parks,54.21728775056785
2023.10,Dongjak-gu,roads_and_parks,54.29725412487724
2023.11,Dongjak-gu,roads_and_parks,54.898024182608644
2023.12,Dongjak-gu,roads_and_parks,54.6842080414134
2023.1,Dongjak-gu,traditional_markets,48.49192461948789
2023.2,Dongjak-gu,traditional_markets,48.176510590175084
2023.3,Dongjak-gu,traditional_markets,48.025526878956086
2023.4,Dongjak-gu,traditional_markets,47.73556196887514
2023.5,Dongjak-gu,traditional_markets,48.777781491528245
2023.6,Dongjak-gu,traditional_markets,49.19188830159317
2023.7,Dongjak-gu,traditional_markets,49.86849989728439
2023.8,Dongjak-gu,traditional_markets,50.55317757394913
2023.9,Dongjak-gu,traditional_markets,49.421333362290845
2023.10,Dongjak-gu,traditional_markets,48.713149864291886
2023.11,Dongjak-gu,traditional_markets,49.152614074253314
2023.12,Dongjak-gu,traditional_markets,49.00051628702591
2023.1,Eunpyeong-gu,commercial_area,56.34149351497377
2023.2,Eunpyeong-gu,commercial_area,56.24862187462616
2023.3,Eunpyeong-gu,commercial_area,56.326902381552465
2023.4,Eunpyeong-gu,commercial_area,55.63861671577009
2023.5,Eunpyeong-gu,commercial_area,56.11889087451732
2023.6,Eunpyeong-gu,commercial_area,56.67225579907926
2023.7,Eunpyeong-gu,commercial_area,54.74467793792063
2023.8,Eunpyeong-gu,commercial_area,53.95017701254131
2023.9,Eunpyeong-gu,commercial_area,53.51764736788814
2023.10,Eunpyeong-gu,commercial_area,54.93918809340407
2023.11,Eunpyeong-gu,commercial_area,56.63117351373309
2023.12,Eunpyeong-gu,commercial_area,55.71466600276093
2023.1,Eunpyeong-gu,main_street,68.68148760755386
2023.2,Eunpyeong-gu,main_street,69.38808034222636
2023.3,Eunpyeong-gu,main_street,69.29345111278829
2023.4,Eunpyeong-gu,main_street,68.64459548894395
2023.5,Eunpyeong-gu,main_street,68.96429697756412
2023.6,Eunpyeong-gu,main_street,69.12543276368893
2023.7,Eunpyeong-gu,main_street,69.01523201915187
2023.8,Eunpyeong-gu,main_street,68.83066006308712
2023.9,Eunpyeong-gu,main_street,68.82787105511893
2023.10,Eunpyeong-gu,main_street,68.63934034759566
2023.11,Eunpyeong-gu,main_street,68.7653812169441
2023.12,Eunpyeong-gu,main_street,68.4115089943672
2023.1,Eunpyeong-gu,parks,59.930044311066304
2023.2,Eunpyeong-gu,parks,60.32715221231641
2023.3,Eunpyeong-gu,parks,60.403613861498044
2023.4,Eunpyeong-gu,parks,59.816586194091045
2023.5,Eunpyeong-gu,parks,59.95960908819152
2023.6,Eunpyeong-gu,parks,60.35859040563977
2023.7,Eunpyeong-gu,parks,60.85995550223125
2023.8,Eunpyeong-gu,parks,60.3120210266163
2023.9,Eunpyeong-gu,parks,59.854963358314336
2023.10,Eunpyeong-gu,parks,59.74857514889551
2023.11,Eunpyeong-gu,parks,59.92867270008669
2023.12,Eunpyeong-gu,parks,58.7936206479105
2023.1,Eunpyeong-gu,residential_area,47.002597139466886
2023.2,Eunpyeong-gu,residential_area,46.77271340392787
2023.3,Eunpyeong-gu,residential_area,46.43659876679149
2023.4,Eunpyeong-gu,residential_area,45.87014352805054
2023.5,Eunpyeong-gu,residential_area,46.73944033619396
2023.6,Eunpyeong-gu,residential_area,46.56448391142667
2023.7,Eunpyeong-gu,residential_area,83.17888040399916
2023.8,Eunpyeong-gu,residential_area,47.6637790863928
2023.9,Eunpyeong-gu,residential_area,46.45150332269138
2023.10,Eunpyeong-gu,residential_area,46.168190124579716
2023.11,Eunpyeong-gu,residential_area,46.945273511796245
2023.12,Eunpyeong-gu,residential_area,46.63272875030705
2023.1,Eunpyeong-gu,roads_and_parks,54.62178442248601
2023.2,Eunpyeong-gu,roads_and_parks,57.28226125010574
2023.3,Eunpyeong-gu,roads_and_parks,59.947520453831544
2023.4,Eunpyeong-gu,roads_and_parks,58.16929783253481
2023.5,Eunpyeong-gu,roads_and_parks,59.321214445267834
2023.6,Eunpyeong-gu,roads_and_parks,62.06888608666431
2023.7,Eunpyeong-gu,roads_and_parks,59.98592757192054
2023.8,Eunpyeong-gu,roads_and_parks,59.01227188386445
2023.9,Eunpyeong-gu,roads_and_parks,58.86746112048063
2023.10,Eunpyeong-gu,roads_and_parks,59.2031321132257
2023.11,Eunpyeong-gu,roads_and_parks,58.49447831565322
2023.12,Eunpyeong-gu,roads_and_parks,57.27744165013351
2023.1,Gangbuk-gu,commercial_area,49.71357414260221
2023.2,Gangbuk-gu,commercial_area,49.44128301349589
2023.3,Gangbuk-gu,commercial_area,49.57040465453816
2023.4,Gangbuk-gu,commercial_area,48.84056900343665
2023.5,Gangbuk-gu,commercial_area,49.18793264407553
2023.6,Gangbuk-gu,commercial_area,49.397782332373936
2023.7,Gangbuk-gu,commercial_area,50.07056706409173
2023.8,Gangbuk-gu,commercial_area,50.009955772620515
2023.9,Gangbuk-gu,commercial_area,49.73814201543303
2023.10,Gangbuk-gu,commercial_area,49.67926130544619
2023.11,Gangbuk-gu,commercial_area,49.593828781654665
2023.12,Gangbuk-gu,commercial_area,49.691732474927186
2023.1,Gangbuk-gu,parks,54.391513513967354
2023.2,Gangbuk-gu,parks,54.920219467177596
2023.3,Gangbuk-gu,parks,54.65451052388553
2023.4,Gangbuk-gu,parks,54.03134699549024
2023.5,Gangbuk-gu,parks,53.82169557499292
2023.6,Gangbuk-gu,parks,54.38258588240976
2023.7,Gangbuk-gu,parks,54.38284678733607
2023.8,Gangbuk-gu,parks,54.920689233371604
2023.9,Gangbuk-gu,parks,53.73025888340133
2023.10,Gangbuk-gu,parks,54.57968186551385
2023.11,Gangbuk-gu,parks,54.25324595926766
2023.12,Gangbuk-gu,parks,52.781043593560355
2023.1,Gangbuk-gu,residential_area,48.03867153198561
2023.2,Gangbuk-gu,residential_area,47.58856318615883
2023.3,Gangbuk-gu,residential_area,47.665865889468705
2023.4,Gangbuk-gu,residential_area,47.09137935756264
2023.5,Gangbuk-gu,residential_area,47.57904691964557
2023.6,Gangbuk-gu,residential_area,47.515951833460996
2023.7,Gangbuk-gu,residential_area,53.00029080333183
2023.8,Gangbuk-gu,residential_area,48.98385863438398
2023.9,Gangbuk-gu,residential_area,47.57500434032008
2023.10,Gangbuk-gu,residential_area,47.05210930653628
2023.11,Gangbuk-gu,residential_area,47.69346089759441
2023.12,Gangbuk-gu,residential_area,47.12009818002594
2023.1,Gangbuk-gu,roads_and_parks,46.0558659880613
2023.2,Gangbuk-gu,roads_and_parks,46.08095223148957
2023.3,Gangbuk-gu,roads_and_parks,50.873839642304944
2023.4,Gangbuk-gu,roads_and_parks,48.74498254400259
2023.5,Gangbuk-gu,roads_and_parks,50.2992036571223
2023.6,Gangbuk-gu,roads_and_parks,50.5593201076863
2023.7,Gangbuk-gu,roads_and_parks,160.56322942666574
2023.8,Gangbuk-gu,roads_and_parks,51.87022517356109
2023.9,Gangbuk-gu,roads_and_parks,50.26673029839093
2023.10,Gangbuk-gu,roads_and_parks,50.282120279296805
2023.11,Gangbuk-gu,roads_and_parks,50.638104379400495
2023.12,Gangbuk-gu,roads_and_parks,50.482952396880926
2023.1,Gangbuk-gu,traditional_markets,49.75433676250966
2023.2,Gangbuk-gu,traditional_markets,49.564587720744456
2023.3,Gangbuk-gu,traditional_markets,49.65841892881902
2023.4,Gangbuk-gu,traditional_markets,49.47530445840021
2023.5,Gangbuk-gu,traditional_markets,49.92321237373254
2023.6,Gangbuk-gu,traditional_markets,50.05653714080116
2023.7,Gangbuk-gu,traditional_markets,50.39323986043757
2023.8,Gangbuk-gu,traditional_markets,49.682480358671086
2023.9,Gangbuk-gu,traditional_markets,48.62855765390587
2023.10,Gangbuk-gu,traditional_markets,48.598513917237895
2023.11,Gangbuk-gu,traditional_markets,49.68576105585682
2023.12,Gangbuk-gu,traditional_markets,49.16653708134704
2023.1,Gangdong-gu,commercial_area,49.42835041345369
2023.2,Gangdong-gu,commercial_area,51.841283681081585
2023.3,Gangdong-gu,commercial_area,49.355893040810784
2023.4,Gangdong-gu,commercial_area,47.71674060715885
2023.5,Gangdong-gu,commercial_area,44.60893866422818
2023.6,Gangdong-gu,commercial_area,40.28099541114811
2023.7,Gangdong-gu,commercial_area,43.69474382898738
2023.8,Gangdong-gu,commercial_area,41.570219921791164
2023.9,Gangdong-gu,commercial_area,40.918536402317734
2023.10,Gangdong-gu,commercial_area,40.126234882534185
2023.11,Gangdong-gu,commercial_area,39.173787680324835
2023.12,Gangdong-gu,commercial_area,38.71330572939409
2023.1,Gangdong-gu,industrial_area,49.910983243382
2023.2,Gangdong-gu,industrial_area,49.064993818263744
2023.3,Gangdong-gu,industrial_area,45.54798528404606
2023.4,Gangdong-gu,industrial_area,44.08112191234367
2023.5,Gangdong-gu,industrial_area,43.87899297276562
2023.6,Gangdong-gu,industrial_area,43.94761182944814
2023.7,Gangdong-gu,industrial_area,45.623773532779616
2023.8,Gangdong-gu,industrial_area,46.495046291800286
2023.9,Gangdong-gu,industrial_area,44.61345353548162
2023.10,Gangdong-gu,industrial_area,44.216437575842136
2023.11,Gangdong-gu,industrial_area,47.037120246143324
2023.12,Gangdong-gu,industrial_area,49.50269087054818
2023.1,Gangdong-gu,main_street,65.18924423627999
2023.2,Gangdong-gu,main_street,65.50882561288084
2023.3,Gangdong-gu,main_street,65.66760486861622
2023.4,Gangdong-gu,main_street,64.54829252334557
2023.5,Gangdong-gu,main_street,64.43522188394368
2023.6,Gangdong-gu,main_street,64.56572391617388
2023.7,Gangdong-gu,main_street,336.2692032356771
2023.8,Gangdong-gu,main_street,64.23733388376321
2023.9,Gangdong-gu,main_street,63.77382607879831
2023.10,Gangdong-gu,main_street,64.65551980784282
2023.11,Gangdong-gu,main_street,65.59578715499617
2023.12,Gangdong-gu,main_street,64.82842438241573
2023.1,Gangdong-gu,parks,56.493224848013
2023.2,Gangdong-gu,parks,54.41145797487049
2023.3,Gangdong-gu,parks,54.951634332336596
2023.4,Gangdong-gu,parks,54.366408450639774
2023.5,Gangdong-gu,parks,54.16269007838773
2023.6,Gangdong-gu,parks,54.09861825386118
2023.7,Gangdong-gu,parks,54.638279002304145
2023.8,Gangdong-gu,parks,55.41768417949119
2023.9,Gangdong-gu,parks,54.43546021976413
2023.10,Gangdong-gu,parks,54.577896622395194
2023.11,Gangdong-gu,parks,54.27735906967714
2023.12,Gangdong-gu,parks,53.550640282454225
2023.1,Gangdong-gu,residential_area,53.28323095123212
2023.2,Gangdong-gu,residential_area,53.2968442947476
2023.3,Gangdong-gu,residential_area,53.787938601115684
2023.4,Gangdong-gu,residential_area,52.720319241704
2023.5,Gangdong-gu,residential_area,52.759950848500395
2023.6,Gangdong-gu,residential_area,53.19412438870104
2023.7,Gangdong-gu,residential_area,138.99915393645983
2023.8,Gangdong-gu,residential_area,53.62366975315377
2023.9,Gangdong-gu,residential_area,52.77485292470764
2023.10,Gangdong-gu,residential_area,52.31154544035678
2023.11,Gangdong-gu,residential_area,52.85907602491014
2023.12,Gangdong-gu,residential_area,52.280609970286655
2023.1,Gangdong-gu,roads_and_parks,61.901736619849736
2023.2,Gangdong-gu,roads_and_parks,62.6445779199231
2023.3,Gangdong-gu,roads_and_parks,63.43016849512905
2023.4,Gangdong-gu,roads_and_parks,62.50396288989682
2023.5,Gangdong-gu,roads_and_parks,62.403925007300096
2023.6,Gangdong-gu,roads_and_parks,62.26213284593229
2023.7,Gangdong-gu,roads_and_parks,61.80662753224629
2023.8,Gangdong-gu,roads_and_parks,62.075863098202234
2023.9,Gangdong-gu,roads_and_parks,60.54670115975368
2023.10,Gangdong-gu,roads_and_parks,61.43802861182799
2023.11,Gangdong-gu,roads_and_parks,61.61419509705408
2023.12,Gangdong-gu,roads_and_parks,61.44045359951261
2023.1,Gangdong-gu,traditional_markets,46.14957092940767
2023.2,Gangdong-gu,traditional_markets,45.92328586713092
2023.3,Gangdong-gu,traditional_markets,45.586098224653504
2023.4,Gangdong-gu,traditional_markets,45.13784104076928
2023.5,Gangdong-gu,traditional_markets,45.38775787825071
2023.6,Gangdong-gu,traditional_markets,45.81655329888324
2023.7,Gangdong-gu,traditional_markets,45.892483338240396
2023.8,Gangdong-gu,traditional_markets,46.32131703282673
2023.9,Gangdong-gu,traditional_markets,45.31783986244077
2023.10,Gangdong-gu,traditional_markets,45.19958193553703
2023.11,Gangdong-gu,traditional_markets,45.26135197543807
2023.12,Gangdong-gu,traditional_markets,45.61533370267126
2023.1,Gangnam-gu,commercial_area,53.08409602131873
2023.2,Gangnam-gu,commercial_area,52.794542776171475
2023.3,Gangnam-gu,commercial_area,52.667156966107
2023.4,Gangnam-gu,commercial_area,52.05958960450742
2023.5,Gangnam-gu,commercial_area,52.46196266548033
2023.6,Gangnam-gu,commercial_area,52.125146683909165
2023.7,Gangnam-gu,commercial_area,53.274249735182785
2023.8,Gangnam-gu,commercial_area,54.81404301752943
2023.9,Gangnam-gu,commercial_area,53.725662800472264
2023.10,Gangnam-gu,commercial_area,50.804933084344846
2023.1,Gangnam-gu,industrial_area,55.195757825408606
2023.2,Gangnam-gu,industrial_area,55.036619755140926
2023.3,Gangnam-gu,industrial_area,54.49474985814966
2023.4,Gangnam-gu,industrial_area,54.637675452174996
2023.5,Gangnam-gu,industrial_area,55.31537479572067
2023.6,Gangnam-gu,industrial_area,54.71776943034234
2023.7,Gangnam-gu,industrial_area,56.10301601850121
2023.8,Gangnam-gu,industrial_area,56.76981337480877
2023.9,Gangnam-gu,industrial_area,55.0016730615076
2023.10,Gangnam-gu,industrial_area,54.55544576206121
2023.11,Gangnam-gu,industrial_area,54.99713788140592
2023.12,Gangnam-gu,industrial_area,55.305366510543365
2023.1,Gangnam-gu,main_street,62.1339503862442
2023.2,Gangnam-gu,main_street,62.212760375080244
2023.3,Gangnam-gu,main_street,62.01862881826487
2023.4,Gangnam-gu,main_street,61.22707026528417
2023.5,Gangnam-gu,main_street,61.624079744556276
2023.6,Gangnam-gu,main_street,61.78423785503227
2023.7,Gangnam-gu,main_street,149.03501103253066
2023.8,Gangnam-gu,main_street,61.33520072036068
2023.9,Gangnam-gu,main_street,60.91951574315637
2023.10,Gangnam-gu,main_street,60.89123733028596
2023.11,Gangnam-gu,main_street,61.024503103009955
2023.12,Gangnam-gu,main_street,60.87665829996021
2023.1,Gangnam-gu,residential_area,47.264270181865825
2023.2,Gangnam-gu,residential_area,46.94265133704959
2023.3,Gangnam-gu,residential_area,46.41445998076687
2023.4,Gangnam-gu,residential_area,45.584864105980856
2023.5,Gangnam-gu,residential_area,45.60204631680491
2023.6,Gangnam-gu,residential_area,45.74068908419303
2023.7,Gangnam-gu,residential_area,47.81681000303538
2023.8,Gangnam-gu,residential_area,50.242516418716804
2023.9,Gangnam-gu,residential_area,46.57773215904782
2023.10,Gangnam-gu,residential_area,44.898710697379634
2023.11,Gangnam-gu,residential_area,44.95379504823918
2023.12,Gangnam-gu,residential_area,44.635894109495844
2023.1,Gangnam-gu,roads_and_parks,64.46119191240498
2023.2,Gangnam-gu,roads_and_parks,64.74257743908703
2023.3,Gangnam-gu,roads_and_parks,61.527105903132586
2023.4,Gangnam-gu,roads_and_parks,58.91145012346219
2023.5,Gangnam-gu,roads_and_parks,59.889376174472346
2023.6,Gangnam-gu,roads_and_parks,62.47324468089151
2023.7,Gangnam-gu,roads_and_parks,62.65682051272839
2023.8,Gangnam-gu,roads_and_parks,63.24401793186889
2023.9,Gangnam-gu,roads_and_parks,61.89673949280527
2023.10,Gangnam-gu,roads_and_parks,64.01729096599588
2023.11,Gangnam-gu,roads_and_parks,62.975662173960636
2023.12,Gangnam-gu,roads_and_parks,62.261521150649166
2023.1,Gangnam-gu,traditional_markets,48.068868246377576
2023.2,Gangnam-gu,traditional_markets,48.08039591613881
2023.3,Gangnam-gu,traditional_markets,48.188979989959286
2023.4,Gangnam-gu,traditional_markets,47.58497274557315
2023.5,Gangnam-gu,traditional_markets,47.88010076159695
2023.6,Gangnam-gu,traditional_markets,49.47057529414758
2023.7,Gangnam-gu,traditional_markets,79.46491291205109
2023.8,Gangnam-gu,traditional_markets,52.58999380340671
2023.9,Gangnam-gu,traditional_markets,49.536430135647834
2023.10,Gangnam-gu,traditional_markets,48.75770997303571
2023.11,Gangnam-gu,traditional_markets,48.77273639420716
2023.12,Gangnam-gu,traditional_markets,48.39520386817703
2023.1,Gangseo-gu,commercial_area,65.4046283088934
2023.2,Gangseo-gu,commercial_area,65.37132957200255
2023.3,Gangseo-gu,commercial_area,65.78876484337957
2023.4,Gangseo-gu,commercial_area,64.4725915868773
2023.5,Gangseo-gu,commercial_area,64.45205350498479
2023.6,Gangseo-gu,commercial_area,65.27058301748266
2023.7,Gangseo-gu,commercial_area,65.00752489400998
2023.8,Gangseo-gu,commercial_area,64.96764979188602
2023.9,Gangseo-gu,commercial_area,64.43154326025997
2023.10,Gangseo-gu,commercial_area,64.44566603107478
2023.11,Gangseo-gu,commercial_area,65.04847329365573
2023.12,Gangseo-gu,commercial_area,63.361738440558156
2023.1,Gangseo-gu,industrial_area,50.40205718945663
2023.2,Gangseo-gu,industrial_area,50.33114641877204
2023.3,Gangseo-gu,industrial_area,51.07048941132911
2023.4,Gangseo-gu,industrial_area,50.42061856480764
2023.5,Gangseo-gu,industrial_area,50.4326183444854
2023.6,Gangseo-gu,industrial_area,47.61654646608886
2023.7,Gangseo-gu,industrial_area,50.25589609952763
2023.8,Gangseo-gu,industrial_area,53.52889066672949
2023.9,Gangseo-gu,industrial_area,50.73726574030589
2023.10,Gangseo-gu,industrial_area,50.1086733528634
2023.11,Gangseo-gu,industrial_area,50.33871751051256
2023.12,Gangseo-gu,industrial_area,49.861256312655144
2023.1,Gangseo-gu,main_street,63.42177281072041
2023.2,Gangseo-gu,main_street,63.474036696209055
2023.3,Gangseo-gu,main_street,63.84123605994182
2023.4,Gangseo-gu,main_street,60.609164323389955
2023.5,Gangseo-gu,main_street,63.21505568083239
2023.6,Gangseo-gu,main_street,64.27424682388539
2023.7,Gangseo-gu,main_street,64.53003554444092
2023.8,Gangseo-gu,main_street,64.8851767397926
2023.9,Gangseo-gu,main_street,64.02950557579909
2023.10,Gangseo-gu,main_street,63.80692898587862
2023.11,Gangseo-gu,main_street,64.35422644876635
2023.12,Gangseo-gu,main_street,63.570222726953546
2023.1,Gangseo-gu,residential_area,50.51830688296018
2023.2,Gangseo-gu,residential_area,49.63625722095588
2023.3,Gangseo-gu,residential_area,49.80601901083109
2023.4,Gangseo-gu,residential_area,48.07356085618799
2023.5,Gangseo-gu,residential_area,48.684238703040855
2023.6,Gangseo-gu,residential_area,49.4250492806751
2023.7,Gangseo-gu,residential_area,62.845837191620284
2023.8,Gangseo-gu,residential_area,51.51290440243155
2023.9,Gangseo-gu,residential_area,49.07349447751329
2023.10,Gangseo-gu,residential_area,47.79766129829901
2023.11,Gangseo-gu,residential_area,48.4457527413277
2023.12,Gangseo-gu,residential_area,48.02256920196985
2023.1,Gangseo-gu,roads_and_parks,66.80704618467207
2023.2,Gangseo-gu,roads_and_parks,65.91387914135585
2023.3,Gangseo-gu,roads_and_parks,61.14760924345414
2023.4,Gangseo-gu,roads_and_parks,61.20259538266801
2023.5,Gangseo-gu,roads_and_parks,59.637084815487924
2023.6,Gangseo-gu,roads_and_parks,59.125030510420714
2023.7,Gangseo-gu,roads_and_parks,59.64554830633588
2023.8,Gangseo-gu,roads_and_parks,58.57798549404936
2023.9,Gangseo-gu,roads_and_parks,52.77076524826199
2023.10,Gangseo-gu,roads_and_parks,53.808430076546294
2023.11,Gangseo-gu,roads_and_parks,54.14424776119905
2023.12,Gangseo-gu,roads_and_parks,53.28171364727782
2023.1,Gangseo-gu,traditional_markets,54.41938427296455
2023.2,Gangseo-gu,traditional_markets,54.30466043128784
2023.3,Gangseo-gu,traditional_markets,55.41177424932893
2023.4,Gangseo-gu,traditional_markets,53.88217852684602
2023.5,Gangseo-gu,traditional_markets,53.67684879221972
2023.6,Gangseo-gu,traditional_markets,54.17187771774523
2023.7,Gangseo-gu,traditional_markets,54.04475297621675
2023.8,Gangseo-gu,traditional_markets,53.66170242050223
2023.9,Gangseo-gu,traditional_markets,53.45913609125946
2023.10,Gangseo-gu,traditional_markets,53.92958330252665
2023.11,Gangseo-gu,traditional_markets,54.25216414357697
2023.12,Gangseo-gu,traditional_markets,53.49905290996998
2023.1,Geumcheon-gu,commercial_area,54.56482817209343
2023.2,Geumcheon-gu,commercial_area,54.66333809519475
2023.3,Geumcheon-gu,commercial_area,54.98525699284305
2023.4,Geumcheon-gu,commercial_area,53.17260345969073
2023.5,Geumcheon-gu,commercial_area,53.42391075577796
2023.6,Geumcheon-gu,commercial_area,53.878221128682135
2023.7,Geumcheon-gu,commercial_area,54.89498162157607
2023.8,Geumcheon-gu,commercial_area,55.703176203306796
2023.9,Geumcheon-gu,commercial_area,53.94487062332189
2023.10,Geumcheon-gu,commercial_area,53.7565881052907
2023.11,Geumcheon-gu,commercial_area,54.52265195396354
2023.12,Geumcheon-gu,commercial_area,52.82244059678816
2023.1,Geumcheon-gu,industrial_area,44.54925916706556
2023.2,Geumcheon-gu,industrial_area,44.368201394544876
2023.3,Geumcheon-gu,industrial_area,43.65148476772187
2023.4,Geumcheon-gu,industrial_area,43.780023092008
2023.5,Geumcheon-gu,industrial_area,44.661062692972244
2023.6,Geumcheon-gu,industrial_area,44.316126277771815
2023.7,Geumcheon-gu,industrial_area,95.66117856086449
2023.8,Geumcheon-gu,industrial_area,37.40017474753333
2023.9,Geumcheon-gu,industrial_area,41.030576563324324
2023.10,Geumcheon-gu,industrial_area,42.0644662093562
2023.11,Geumcheon-gu,industrial_area,42.474349966086514
2023.12,Geumcheon-gu,industrial_area,41.805333620664236
2023.1,Geumcheon-gu,public_facilities,43.05282250312612
2023.2,Geumcheon-gu,public_facilities,42.48656093354191
2023.3,Geumcheon-gu,public_facilities,42.14846427822404
2023.4,Geumcheon-gu,public_facilities,41.7871762307117
2023.5,Geumcheon-gu,public_facilities,42.80647460768501
2023.6,Geumcheon-gu,public_facilities,42.878756631707034
2023.7,Geumcheon-gu,public_facilities,44.70308008514598
2023.8,Geumcheon-gu,public_facilities,49.395980423964
2023.9,Geumcheon-gu,public_facilities,46.94298958970491
2023.10,Geumcheon-gu,public_facilities,42.372690739285936
2023.11,Geumcheon-gu,public_facilities,42.61738907772962
2023.12,Geumcheon-gu,public_facilities,42.3814254326227
2023.1,Geumcheon-gu,residential_area,47.27350629082317
2023.2,Geumcheon-gu,residential_area,46.86935491547114
2023.3,Geumcheon-gu,residential_area,46.21842929835129
2023.4,Geumcheon-gu,residential_area,45.99942042498928
2023.5,Geumcheon-gu,residential_area,46.045842135437354
2023.6,Geumcheon-gu,residential_area,46.175409993008046
2023.7,Geumcheon-gu,residential_area,56.98933231700014
2023.8,Geumcheon-gu,residential_area,48.82290855749472
2023.9,Geumcheon-gu,residential_area,46.99063602531469
2023.10,Geumcheon-gu,residential_area,46.160695285608014
2023.11,Geumcheon-gu,residential_area,46.91775141219449
2023.12,Geumcheon-gu,residential_area,46.4010773118958
2023.1,Geumcheon-gu,roads_and_parks,48.363247985893544
2023.2,Geumcheon-gu,roads_and_parks,48.19144479197413
2023.3,Geumcheon-gu,roads_and_parks,47.56871509775014
2023.4,Geumcheon-gu,roads_and_parks,47.19835866927799
2023.5,Geumcheon-gu,roads_and_parks,46.63222476361505
2023.6,Geumcheon-gu,roads_and_parks,46.47570680585815
2023.7,Geumcheon-gu,roads_and_parks,47.33977142533882
2023.8,Geumcheon-gu,roads_and_parks,49.52525196314751
2023.9,Geumcheon-gu,roads_and_parks,48.68062710546559
2023.10,Geumcheon-gu,roads_and_parks,47.4969270636694
2023.11,Geumcheon-gu,roads_and_parks,48.41292556854252
2023.12,Geumcheon-gu,roads_and_parks,47.676032581665474
2023.1,Guro-gu,commercial_area,44.66401168589202
2023.2,Guro-gu,commercial_area,44.65672308586068
2023.3,Guro-gu,commercial_area,44.1362613421437
2023.4,Guro-gu,commercial_area,44.27305605367211
2023.5,Guro-gu,commercial_area,43.941467761165455
2023.6,Guro-gu,commercial_area,43.361371608496796
2023.7,Guro-gu,commercial_area,43.49567478571238
2023.8,Guro-gu,commercial_area,43.785931955788186
2023.9,Guro-gu,commercial_area,42.740446438165854
2023.10,Guro-gu,commercial_area,43.0691513931095
2023.11,Guro-gu,commercial_area,43.578904516632434
2023.12,Guro-gu,commercial_area,44.45409849589697
2023.1,Guro-gu,industrial_area,50.73232820597314
2023.2,Guro-gu,industrial_area,50.520699701094294
2023.3,Guro-gu,industrial_area,49.77505446038271
2023.4,Guro-gu,industrial_area,49.736002895208784
2023.5,Guro-gu,industrial_area,50.08619422608273
2023.6,Guro-gu,industrial_area,49.23004515921785
2023.7,Guro-gu,industrial_area,52.8837256122287
2023.8,Guro-gu,industrial_area,54.80716297311182
2023.9,Guro-gu,industrial_area,52.84277113012578
2023.10,Guro-gu,industrial_area,51.03881467787293
2023.11,Guro-gu,industrial_area,50.92832042464852
2023.12,Guro-gu,industrial_area,50.472159278521666
2023.1,Guro-gu,residential_area,48.18590287787288
2023.2,Guro-gu,residential_area,47.59153960733039
2023.3,Guro-gu,residential_area,47.50279617541541
2023.4,Guro-gu,residential_area,46.48982803377248
2023.5,Guro-gu,residential_area,46.803672373398165
2023.6,Guro-gu,residential_area,47.07202846956212
2023.7,Guro-gu,residential_area,48.45045730395314
2023.8,Guro-gu,residential_area,49.53872106195793
2023.9,Guro-gu,residential_area,47.54191753154159
2023.10,Guro-gu,residential_area,46.405852956907594
2023.11,Guro-gu,residential_area,47.101517861761245
2023.12,Guro-gu,residential_area,46.64059720196341
2023.1,Guro-gu,roads_and_parks,65.35704420669637
2023.2,Guro-gu,roads_and_parks,65.18790166250999
2023.3,Guro-gu,roads_and_parks,65.2696844069197
2023.4,Guro-gu,roads_and_parks,63.974992221659036
2023.5,Guro-gu,roads_and_parks,63.94877479153691
2023.6,Guro-gu,roads_and_parks,64.9486875879941
2023.7,Guro-gu,roads_and_parks,64.6924975512466
2023.8,Guro-gu,roads_and_parks,64.98712372351193
2023.9,Guro-gu,roads_and_parks,64.58532267970219
2023.10,Guro-gu,roads_and_parks,64.52758933192567
2023.11,Guro-gu,roads_and_parks,65.0598416481382
2023.12,Guro-gu,roads_and_parks,63.86832182633364
2023.1,Guro-gu,traditional_markets,44.193275074629064
2023.2,Guro-gu,traditional_markets,43.58212446941366
2023.3,Guro-gu,traditional_markets,43.27565659905625
2023.4,Guro-gu,traditional_markets,42.97289679164836
2023.5,Guro-gu,traditional_markets,43.38293545687053
2023.6,Guro-gu,traditional_markets,43.55289923837672
2023.7,Guro-gu,traditional_markets,66.23397079257403
2023.8,Guro-gu,traditional_markets,44.31141051794568
2023.9,Guro-gu,traditional_markets,43.23616651844664
2023.10,Guro-gu,traditional_markets,42.918195999004915
2023.11,Guro-gu,traditional_markets,43.423186326040906
2023.12,Guro-gu,traditional_markets,42.958636329590526
2023.1,Gwanak-gu,commercial_area,50.012838954730825
2023.2,Gwanak-gu,commercial_area,50.35025686028318
2023.3,Gwanak-gu,commercial_area,50.95774506169698
2023.4,Gwanak-gu,commercial_area,50.50829121046608
2023.5,Gwanak-gu,commercial_area,51.77550246401752
2023.6,Gwanak-gu,commercial_area,52.31647254957356
2023.7,Gwanak-gu,commercial_area,52.09744711623487
2023.8,Gwanak-gu,commercial_area,51.42859038063658
2023.9,Gwanak-gu,commercial_area,51.08628837406281
2023.10,Gwanak-gu,commercial_area,51.44102858824215
2023.11,Gwanak-gu,commercial_area,51.44225260758506
2023.12,Gwanak-gu,commercial_area,51.765899149200315
2023.1,Gwanak-gu,industrial_area,42.619167856314554
2023.2,Gwanak-gu,industrial_area,42.5624573314045
2023.3,Gwanak-gu,industrial_area,42.01716489713709
2023.4,Gwanak-gu,industrial_area,41.74699279848004
2023.5,Gwanak-gu,industrial_area,42.011727161260495
2023.6,Gwanak-gu,industrial_area,41.29516527277005
2023.7,Gwanak-gu,industrial_area,42.40168107639706
2023.8,Gwanak-gu,industrial_area,45.94908368823902
2023.9,Gwanak-gu,industrial_area,45.67603774368029
2023.10,Gwanak-gu,industrial_area,42.722110412485804
2023.11,Gwanak-gu,industrial_area,43.635447352579895
2023.12,Gwanak-gu,industrial_area,43.664107636871684
2023.1,Gwanak-gu,main_street,58.89888820315927
2023.2,Gwanak-gu,main_street,59.01812798372517
2023.3,Gwanak-gu,main_street,58.5064882146169
2023.4,Gwanak-gu,main_street,57.89948080962853
2023.5,Gwanak-gu,main_street,58.33100958844775
2023.6,Gwanak-gu,main_street,59.510387526731456
2023.7,Gwanak-gu,main_street,59.433469607299564
2023.8,Gwanak-gu,main_street,59.31536840583821
2023.9,Gwanak-gu,main_street,59.1740084064605
2023.10,Gwanak-gu,main_street,58.91299095974007
2023.11,Gwanak-gu,main_street,58.62921466381803
2023.12,Gwanak-gu,main_street,58.85751779928949
2023.1,Gwanak-gu,residential_area,46.90584501124873
2023.2,Gwanak-gu,residential_area,46.49546915395853
2023.3,Gwanak-gu,residential_area,46.33775733352358
2023.4,Gwanak-gu,residential_area,45.9322485426899
2023.5,Gwanak-gu,residential_area,46.67027454818393
2023.6,Gwanak-gu,residential_area,46.339540350409585
2023.7,Gwanak-gu,residential_area,53.221035931548926
2023.8,Gwanak-gu,residential_area,48.000745268085495
2023.9,Gwanak-gu,residential_area,46.802067199719154
2023.10,Gwanak-gu,residential_area,45.941055869841904
2023.11,Gwanak-gu,residential_area,46.71034903595968
2023.12,Gwanak-gu,residential_area,46.6340678453249
2023.1,Gwanak-gu,roads_and_parks,51.59965019794141
2023.2,Gwanak-gu,roads_and_parks,48.81728079460654
2023.3,Gwanak-gu,roads_and_parks,48.63240940913111
2023.4,Gwanak-gu,roads_and_parks,47.81115535761622
2023.5,Gwanak-gu,roads_and_parks,51.82023292147457
2023.6,Gwanak-gu,roads_and_parks,51.94082180449078
2023.7,Gwanak-gu,roads_and_parks,50.31005375303369
2023.8,Gwanak-gu,roads_and_parks,53.93911129107853
2023.9,Gwanak-gu,roads_and_parks,48.70297979076337
2023.10,Gwanak-gu,roads_and_parks,52.007320370340075
2023.11,Gwanak-gu,roads_and_parks,51.589582245305074
2023.12,Gwanak-gu,roads_and_parks,51.667245931474135
2023.1,Gwanak-gu,traditional_markets,51.10007942646046
2023.2,Gwanak-gu,traditional_markets,50.861817962169326
2023.3,Gwanak-gu,traditional_markets,51.534572963316805
2023.4,Gwanak-gu,traditional_markets,49.37279803332554
2023.5,Gwanak-gu,traditional_markets,50.39272712075474
2023.6,Gwanak-gu,traditional_markets,50.6120655165797
2023.7,Gwanak-gu,traditional_markets,50.95957944236788
2023.8,Gwanak-gu,traditional_markets,50.62576200280271
2023.9,Gwanak-gu,traditional_markets,50.51195632536456
2023.10,Gwanak-gu,traditional_markets,49.02576993995283
2023.11,Gwanak-gu,traditional_markets,49.41941679395238
2023.12,Gwanak-gu,traditional_markets,48.717258000245074
2023.1,Gwangjin-gu,commercial_area,36.48806029377495
2023.2,Gwangjin-gu,commercial_area,40.504728319838044
2023.3,Gwangjin-gu,commercial_area,43.935361963009534
2023.4,Gwangjin-gu,commercial_area,44.274762332415364
2023.5,Gwangjin-gu,commercial_area,41.941326316992715
2023.6,Gwangjin-gu,commercial_area,46.726430718087805
2023.7,Gwangjin-gu,commercial_area,40.8759726622153
2023.8,Gwangjin-gu,commercial_area,35.446362144268406
2023.9,Gwangjin-gu,commercial_area,36.37957936668699
2023.10,Gwangjin-gu,commercial_area,37.36490868811013
2023.11,Gwangjin-gu,commercial_area,36.64812483067027
2023.12,Gwangjin-gu,commercial_area,36.32997594580611
2023.1,Gwangjin-gu,main_street,58.25490289030134
2023.2,Gwangjin-gu,main_street,57.95327990400431
2023.3,Gwangjin-gu,main_street,58.54982270782803
2023.4,Gwangjin-gu,main_street,58.18610776377104
2023.5,Gwangjin-gu,main_street,58.58125340181759
2023.6,Gwangjin-gu,main_street,59.057426656284115
2023.7,Gwangjin-gu,main_street,59.31409690768713
2023.8,Gwangjin-gu,main_street,59.17468714651867
2023.9,Gwangjin-gu,main_street,58.68962645223159
2023.10,Gwangjin-gu,main_street,58.14178087746456
2023.11,Gwangjin-gu,main_street,58.920186323321595
2023.12,Gwangjin-gu,main_street,61.06388362142021
2023.1,Gwangjin-gu,residential_area,46.91335173993791
2023.2,Gwangjin-gu,residential_area,46.27581823985097
2023.3,Gwangjin-gu,residential_area,45.77078735609587
2023.4,Gwangjin-gu,residential_area,45.728267465084464
2023.5,Gwangjin-gu,residential_area,46.027022706688726
2023.6,Gwangjin-gu,residential_area,44.62674596564929
2023.7,Gwangjin-gu,residential_area,47.144876007346454
2023.8,Gwangjin-gu,residential_area,47.49335372625629
2023.9,Gwangjin-gu,residential_area,45.075926328115244
2023.10,Gwangjin-gu,residential_area,44.294944931576666
2023.11,Gwangjin-gu,residential_area,45.74232748717817
2023.12,Gwangjin-gu,residential_area,46.284003968363855
2023.1,Gwangjin-gu,roads_and_parks,65.14672285571179
2023.2,Gwangjin-gu,roads_and_parks,64.17206670044423
2023.3,Gwangjin-gu,roads_and_parks,59.87111862608917
2023.4,Gwangjin-gu,roads_and_parks,58.265011129211366
2023.5,Gwangjin-gu,roads_and_parks,57.01216782911631
2023.6,Gwangjin-gu,roads_and_parks,58.08250982320638
2023.7,Gwangjin-gu,roads_and_parks,59.673642183924215
2023.8,Gwangjin-gu,roads_and_parks,59.50932114421036
2023.9,Gwangjin-gu,roads_and_parks,56.55972050849058
2023.10,Gwangjin-gu,roads_and_parks,56.503941084463605
2023.11,Gwangjin-gu,roads_and_parks,54.85896513188086
2023.12,Gwangjin-gu,roads_and_parks,57.38273186187397
2023.1,Gwangjin-gu,traditional_markets,48.54412515457315
2023.2,Gwangjin-gu,traditional_markets,48.86628459006322
2023.3,Gwangjin-gu,traditional_markets,49.41137747024682
2023.4,Gwangjin-gu,traditional_markets,48.02691908432832
2023.5,Gwangjin-gu,traditional_markets,48.80019733347273
2023.6,Gwangjin-gu,traditional_markets,49.93727657160367
2023.7,Gwangjin-gu,traditional_markets,199.95621303790364
2023.8,Gwangjin-gu,traditional_markets,51.97145356614348
2023.9,Gwangjin-gu,traditional_markets,49.904350772490844
2023.10,Gwangjin-gu,traditional_markets,49.035790087083136
2023.11,Gwangjin-gu,traditional_markets,48.83273156645235
2023.12,Gwangjin-gu,traditional_markets,48.233540586858645
2023.1,Jongno-gu,main_street,51.311135678026844
2023.2,Jongno-gu,main_street,50.80856767205496
2023.3,Jongno-gu,main_street,50.94443273472372
2023.4,Jongno-gu,main_street,49.79274770774064
2023.5,Jongno-gu,main_street,50.076514574841426
2023.6,Jongno-gu,main_street,51.3427662983798
2023.7,Jongno-gu,main_street,151.4271762250834
2023.8,Jongno-gu,main_street,52.2188826661809
2023.9,Jongno-gu,main_street,50.04423640298868
2023.10,Jongno-gu,main_street,49.772981584003475
2023.11,Jongno-gu,main_street,49.934664869871135
2023.12,Jongno-gu,main_street,48.66589454832769
2023.1,Jongno-gu,public_facilities,48.00518144184043
2023.2,Jongno-gu,public_facilities,45.254296853868524
2023.3,Jongno-gu,public_facilities,46.10666064540716
2023.4,Jongno-gu,public_facilities,44.65863107535902
2023.5,Jongno-gu,public_facilities,44.18918617582519
2023.6,Jongno-gu,public_facilities,43.46566867912263
2023.7,Jongno-gu,public_facilities,46.473188104994136
2023.8,Jongno-gu,public_facilities,47.58229304184099
2023.9,Jongno-gu,public_facilities,44.437939407428104
2023.10,Jongno-gu,public_facilities,45.69694635353491
2023.11,Jongno-gu,public_facilities,45.10217259463487
2023.12,Jongno-gu,public_facilities,46.683454105463674
2023.1,Jongno-gu,residential_area,46.89020096055307
2023.2,Jongno-gu,residential_area,46.64892483740697
2023.3,Jongno-gu,residential_area,47.28833577616209
2023.4,Jongno-gu,residential_area,46.43635732149965
2023.5,Jongno-gu,residential_area,46.65280765413472
2023.6,Jongno-gu,residential_area,45.84665262392249
2023.7,Jongno-gu,residential_area,79.30313976545516
2023.8,Jongno-gu,residential_area,46.89045918187273
2023.9,Jongno-gu,residential_area,45.661071828801276
2023.10,Jongno-gu,residential_area,44.82117438228884
2023.11,Jongno-gu,residential_area,45.752112232099485
2023.12,Jongno-gu,residential_area,47.58051747367853
2023.1,Jongno-gu,roads_and_parks,61.81652599239905
2023.2,Jongno-gu,roads_and_parks,60.759054228259636
2023.3,Jongno-gu,roads_and_parks,61.00206626391539
2023.4,Jongno-gu,roads_and_parks,60.75041989464415
2023.5,Jongno-gu,roads_and_parks,60.548239199265815
2023.6,Jongno-gu,roads_and_parks,60.90743489334645
2023.7,Jongno-gu,roads_and_parks,60.74997263314596
2023.8,Jongno-gu,roads_and_parks,61.69927533919477
2023.9,Jongno-gu,roads_and_parks,60.47303050874558
2023.10,Jongno-gu,roads_and_parks,60.22837966212257
2023.11,Jongno-gu,roads_and_parks,60.64349872641656
2023.12,Jongno-gu,roads_and_parks,60.05310369021975
2023.1,Jung-gu,commercial_area,50.17071452492063
2023.2,Jung-gu,commercial_area,50.87327427444363
2023.3,Jung-gu,commercial_area,50.57081118061977
2023.4,Jung-gu,commercial_area,50.1179624143917
2023.5,Jung-gu,commercial_area,50.34409175664262
2023.6,Jung-gu,commercial_area,50.15242002331282
2023.7,Jung-gu,commercial_area,50.636111403380994
2023.8,Jung-gu,commercial_area,50.51593244539967
2023.9,Jung-gu,commercial_area,49.74712222440436
2023.10,Jung-gu,commercial_area,49.22977277329044
2023.11,Jung-gu,commercial_area,50.3546820492997
2023.12,Jung-gu,commercial_area,50.41883822318588
2023.1,Jung-gu,industrial_area,45.28180045035381
2023.2,Jung-gu,industrial_area,46.234294399647574
2023.3,Jung-gu,industrial_area,46.58574221925223
2023.4,Jung-gu,industrial_area,45.4400510533204
2023.5,Jung-gu,industrial_area,45.639999395401254
2023.6,Jung-gu,industrial_area,45.28252834616185
2023.7,Jung-gu,industrial_area,45.16278256658588
2023.8,Jung-gu,industrial_area,45.93681938635435
2023.9,Jung-gu,industrial_area,45.033932127527684
2023.10,Jung-gu,industrial_area,43.884917787442845
2023.11,Jung-gu,industrial_area,45.02952294210011
2023.12,Jung-gu,industrial_area,44.82789312727578
2023.1,Jung-gu,main_street,58.2170890551026
2023.2,Jung-gu,main_street,58.920590997076296
2023.3,Jung-gu,main_street,56.37998190265413
2023.4,Jung-gu,main_street,55.451739580053
2023.5,Jung-gu,main_street,56.10088217652439
2023.6,Jung-gu,main_street,55.59846089190268
2023.7,Jung-gu,main_street,114.7217141376755
2023.8,Jung-gu,main_street,55.84692370882131
2023.9,Jung-gu,main_street,56.055298424316355
2023.10,Jung-gu,main_street,54.348003500546675
2023.11,Jung-gu,main_street,54.68533677849288
2023.12,Jung-gu,main_street,54.10365577733857
2023.1,Jung-gu,residential_area,46.53097235620219
2023.2,Jung-gu,residential_area,46.16351144612947
2023.3,Jung-gu,residential_area,46.46683954687088
2023.4,Jung-gu,residential_area,45.782544591443084
2023.5,Jung-gu,residential_area,46.45458611641065
2023.6,Jung-gu,residential_area,46.038379136922096
2023.7,Jung-gu,residential_area,54.252425449980684
2023.8,Jung-gu,residential_area,47.706340588802405
2023.9,Jung-gu,residential_area,45.67757866596829
2023.10,Jung-gu,residential_area,44.25388892562704
2023.11,Jung-gu,residential_area,44.90366301034346
2023.12,Jung-gu,residential_area,45.046978483841684
2023.1,Jung-gu,roads_and_parks,51.42818424880627
2023.2,Jung-gu,roads_and_parks,52.20208664141368
2023.3,Jung-gu,roads_and_parks,52.09728102702188
2023.4,Jung-gu,roads_and_parks,51.43709326465519
2023.5,Jung-gu,roads_and_parks,52.09613737413061
2023.6,Jung-gu,roads_and_parks,52.09585082726406
2023.7,Jung-gu,roads_and_parks,53.072402780375
2023.8,Jung-gu,roads_and_parks,54.0700319734908
2023.9,Jung-gu,roads_and_parks,52.21119405910036
2023.10,Jung-gu,roads_and_parks,51.20630245275083
2023.11,Jung-gu,roads_and_parks,51.63615962175595
2023.12,Jung-gu,roads_and_parks,50.91856982668852
2023.1,Jungnang-gu,commercial_area,46.71688053391863
2023.2,Jungnang-gu,commercial_area,44.650115617852386
2023.3,Jungnang-gu,commercial_area,43.640244818305185
2023.4,Jungnang-gu,commercial_area,44.143601743188185
2023.5,Jungnang-gu,commercial_area,44.89887161854438
2023.6,Jungnang-gu,commercial_area,44.662515566369656
2023.7,Jungnang-gu,commercial_area,45.359889362010506
2023.8,Jungnang-gu,commercial_area,44.90102291666808
2023.9,Jungnang-gu,commercial_area,44.41609155301108
2023.10,Jungnang-gu,commercial_area,43.54137819784941
2023.11,Jungnang-gu,commercial_area,43.483758428494475
2023.12,Jungnang-gu,commercial_area,43.9600203351078
2023.1,Jungnang-gu,industrial_area,44.737795130153074
2023.2,Jungnang-gu,industrial_area,45.50947379117703
2023.3,Jungnang-gu,industrial_area,39.99078904543659
2023.4,Jungnang-gu,industrial_area,44.51456738572099
2023.5,Jungnang-gu,industrial_area,45.17193068768508
2023.6,Jungnang-gu,industrial_area,46.24606093154981
2023.7,Jungnang-gu,industrial_area,48.91833513544367
2023.8,Jungnang-gu,industrial_area,48.338097118600444
2023.9,Jungnang-gu,industrial_area,49.27958837655016
2023.10,Jungnang-gu,industrial_area,48.94464201840345
2023.11,Jungnang-gu,industrial_area,53.75521341151378
2023.12,Jungnang-gu,industrial_area,52.67684218011891
2023.1,Jungnang-gu,residential_area,47.820326588172584
2023.2,Jungnang-gu,residential_area,47.59320355137781
2023.3,Jungnang-gu,residential_area,47.05852677833614
2023.4,Jungnang-gu,residential_area,46.43860127921723
2023.5,Jungnang-gu,residential_area,46.8175670953691
2023.6,Jungnang-gu,residential_area,46.654590677020444
2023.7,Jungnang-gu,residential_area,66.936956176417
2023.8,Jungnang-gu,residential_area,46.85743346233985
2023.9,Jungnang-gu,residential_area,45.55922584993285
2023.10,Jungnang-gu,residential_area,45.65396245850748
2023.11,Jungnang-gu,residential_area,46.366306865055726
2023.12,Jungnang-gu,residential_area,47.01555664741871
2023.1,Jungnang-gu,roads_and_parks,58.02484272844439
2023.2,Jungnang-gu,roads_and_parks,58.39255021479854
2023.3,Jungnang-gu,roads_and_parks,58.791914449384635
2023.4,Jungnang-gu,roads_and_parks,58.24550386160998
2023.5,Jungnang-gu,roads_and_parks,57.91564796605763
2023.6,Jungnang-gu,roads_and_parks,57.680451952602226
2023.7,Jungnang-gu,roads_and_parks,58.19548600897313
2023.8,Jungnang-gu,roads_and_parks,59.59549813707885
2023.9,Jungnang-gu,roads_and_parks,57.07234539918632
2023.10,Jungnang-gu,roads_and_parks,57.153499358531846
2023.11,Jungnang-gu,roads_and_parks,57.58488990929017
2023.12,Jungnang-gu,roads_and_parks,56.88016994835087
2023.1,Jungnang-gu,traditional_markets,42.5907973603662
2023.2,Jungnang-gu,traditional_markets,42.2242378260976
2023.3,Jungnang-gu,traditional_markets,42.59409621054416
2023.4,Jungnang-gu,traditional_markets,42.54553216747791
2023.5,Jungnang-gu,traditional_markets,43.76076446575437
2023.6,Jungnang-gu,traditional_markets,44.07110338020572
2023.7,Jungnang-gu,traditional_markets,45.23229190399968
2023.8,Jungnang-gu,traditional_markets,44.90200420386107
2023.9,Jungnang-gu,traditional_markets,43.745709985736816
2023.10,Jungnang-gu,traditional_markets,42.13185103541532
2023.11,Jungnang-gu,traditional_markets,41.93897147954205
2023.12,Jungnang-gu,traditional_markets,40.829979147685926
2023.1,Mapo-gu,commercial_area,53.926937089072666
2023.2,Mapo-gu,commercial_area,54.332446944432036
2023.3,Mapo-gu,commercial_area,54.06495448644405
2023.4,Mapo-gu,commercial_area,53.99184763514076
2023.5,Mapo-gu,commercial_area,54.78005856881543
2023.6,Mapo-gu,commercial_area,54.37773722412527
2023.7,Mapo-gu,commercial_area,55.170858293647235
2023.8,Mapo-gu,commercial_area,54.98375101606318
2023.9,Mapo-gu,commercial_area,54.55784633987546
2023.10,Mapo-gu,commercial_area,53.9157005757821
2023.11,Mapo-gu,commercial_area,54.19093033630477
2023.12,Mapo-gu,commercial_area,54.29408308505332
2023.1,Mapo-gu,industrial_area,46.156663127594726
2023.2,Mapo-gu,industrial_area,46.31628865815939
2023.3,Mapo-gu,industrial_area,46.09818940019812
2023.4,Mapo-gu,industrial_area,46.48219681406442
2023.5,Mapo-gu,industrial_area,46.63073814021164
2023.6,Mapo-gu,industrial_area,46.027662482127916
2023.7,Mapo-gu,industrial_area,48.9328517781137
2023.8,Mapo-gu,industrial_area,51.545429013383846
2023.9,Mapo-gu,industrial_area,48.11206598458957
2023.10,Mapo-gu,industrial_area,46.22884242488749
2023.11,Mapo-gu,industrial_area,46.49281525655839
2023.12,Mapo-gu,industrial_area,46.16154146142074
2023.1,Mapo-gu,main_street,59.712125427973575
2023.2,Mapo-gu,main_street,59.003658131895705
2023.3,Mapo-gu,main_street,58.73160011610033
2023.4,Mapo-gu,main_street,58.44359296321481
2023.5,Mapo-gu,main_street,59.2533654465888
2023.6,Mapo-gu,main_street,60.217867618390656
2023.7,Mapo-gu,main_street,60.44461643091785
2023.8,Mapo-gu,main_street,60.544761068011695
2023.9,Mapo-gu,main_street,59.42007259508521
2023.10,Mapo-gu,main_street,58.02962835127884
2023.11,Mapo-gu,main_street,57.883243398905314
2023.12,Mapo-gu,main_street,59.0407416964465
2023.1,Mapo-gu,residential_area,46.67221996106315
2023.2,Mapo-gu,residential_area,46.491907046459815
2023.3,Mapo-gu,residential_area,46.317627143924014
2023.4,Mapo-gu,residential_area,45.853016150720734
2023.5,Mapo-gu,residential_area,46.31134611869268
2023.6,Mapo-gu,residential_area,45.75981280390629
2023.7,Mapo-gu,residential_area,56.1374755150055
2023.8,Mapo-gu,residential_area,48.43428128555541
2023.9,Mapo-gu,residential_area,45.82068252826947
2023.10,Mapo-gu,residential_area,45.15091342745214
2023.11,Mapo-gu,residential_area,46.22017243658675
2023.12,Mapo-gu,residential_area,46.46849045001534
2023.1,Mapo-gu,roads_and_parks,54.65122615803815
2023.2,Mapo-gu,roads_and_parks,50.94017094017094
2023.3,Mapo-gu,roads_and_parks,50.90829889873278
2023.4,Mapo-gu,roads_and_parks,51.14014278421693
2023.5,Mapo-gu,roads_and_parks,56.80598390021746
2023.6,Mapo-gu,roads_and_parks,58.291892700488376
2023.7,Mapo-gu,roads_and_parks,273.1501094656422
2023.8,Mapo-gu,roads_and_parks,60.08151697160252
2023.9,Mapo-gu,roads_and_parks,58.0577350430374
2023.10,Mapo-gu,roads_and_parks,58.06373120863293
2023.11,Mapo-gu,roads_and_parks,58.08778485498445
2023.12,Mapo-gu,roads_and_parks,57.758023884822
2023.1,Mapo-gu,traditional_markets,45.309599391148815
2023.2,Mapo-gu,traditional_markets,45.201085081212845
2023.3,Mapo-gu,traditional_markets,44.41124684108758
2023.4,Mapo-gu,traditional_markets,45.136374110530596
2023.5,Mapo-gu,traditional_markets,44.99401394404952
2023.6,Mapo-gu,traditional_markets,45.22488030135405
2023.7,Mapo-gu,traditional_markets,153.6943320841953
2023.8,Mapo-gu,traditional_markets,46.816393070942716
2023.9,Mapo-gu,traditional_markets,45.26677000027935
2023.10,Mapo-gu,traditional_markets,44.597686296025
2023.11,Mapo-gu,traditional_markets,45.279034708870526
2023.12,Mapo-gu,traditional_markets,43.8584424356134
2023.1,Nowon-gu,commercial_area,52.86281562752792
2023.2,Nowon-gu,commercial_area,52.799792677893954
2023.3,Nowon-gu,commercial_area,52.99849261086716
2023.4,Nowon-gu,commercial_area,52.43450174293626
2023.5,Nowon-gu,commercial_area,53.531433724020445
2023.6,Nowon-gu,commercial_area,53.85281441708067
2023.7,Nowon-gu,commercial_area,55.49653108663945
2023.8,Nowon-gu,commercial_area,56.096585906043394
2023.10,Nowon-gu,commercial_area,
2023.11,Nowon-gu,commercial_area,53.53812750119117
2023.12,Nowon-gu,commercial_area,52.98804727388458
2023.1,Nowon-gu,industrial_area,43.34373441864295
2023.2,Nowon-gu,industrial_area,42.87144525006589
2023.3,Nowon-gu,industrial_area,42.24181260782578
2023.4,Nowon-gu,industrial_area,42.557491861200965
2023.5,Nowon-gu,industrial_area,43.442330438638265
2023.6,Nowon-gu,industrial_area,43.83607814299913
2023.7,Nowon-gu,industrial_area,79.97523529653202
2023.8,Nowon-gu,industrial_area,47.38269693629314
2023.9,Nowon-gu,industrial_area,43.48033157289925
2023.10,Nowon-gu,industrial_area,40.46615408883115
2023.11,Nowon-gu,industrial_area,41.37833938642428
2023.12,Nowon-gu,industrial_area,43.03993030948632
2023.1,Nowon-gu,residential_area,48.39620573304425
2023.2,Nowon-gu,residential_area,48.04429372065772
2023.3,Nowon-gu,residential_area,47.559638320751404
2023.4,Nowon-gu,residential_area,47.07327810859393
2023.5,Nowon-gu,residential_area,47.2127724867027
2023.6,Nowon-gu,residential_area,47.33782326908043
2023.7,Nowon-gu,residential_area,83.88123923476773
2023.8,Nowon-gu,residential_area,49.42219556303083
2023.9,Nowon-gu,residential_area,47.49798252007264
2023.10,Nowon-gu,residential_area,46.926761767546125
2023.11,Nowon-gu,residential_area,47.414595616590546
2023.12,Nowon-gu,residential_area,47.1087641746116
2023.1,Nowon-gu,roads_and_parks,55.599048775238266
2023.2,Nowon-gu,roads_and_parks,54.47674003620756
2023.3,Nowon-gu,roads_and_parks,54.284258323936584
2023.4,Nowon-gu,roads_and_parks,54.66233364961433
2023.5,Nowon-gu,roads_and_parks,54.61572413982868
2023.6,Nowon-gu,roads_and_parks,54.88663385550936
2023.7,Nowon-gu,roads_and_parks,74.63254056414893
2023.8,Nowon-gu,roads_and_parks,57.36333380742561
2023.9,Nowon-gu,roads_and_parks,54.13111680959829
2023.10,Nowon-gu,roads_and_parks,53.29496924693564
2023.11,Nowon-gu,roads_and_parks,55.16008030901256
2023.12,Nowon-gu,roads_and_parks,54.829670416535244
2023.1,Nowon-gu,traditional_markets,43.89167514594637
2023.2,Nowon-gu,traditional_markets,42.550070511061975
2023.3,Nowon-gu,traditional_markets,42.215350780749404
2023.4,Nowon-gu,traditional_markets,42.24475282424562
2023.5,Nowon-gu,traditional_markets,43.63557204158198
2023.6,Nowon-gu,traditional_markets,45.79007075779628
2023.7,Nowon-gu,traditional_markets,46.446730661613344
2023.8,Nowon-gu,traditional_markets,46.02251314076313
2023.9,Nowon-gu,traditional_markets,44.75174509104745
2023.10,Nowon-gu,traditional_markets,42.619015946535235
2023.11,Nowon-gu,traditional_markets,43.1205193624543
2023.12,Nowon-gu,traditional_markets,42.82848262642429
2023.1,Seocho-gu,commercial_area,53.612232364971206
2023.2,Seocho-gu,commercial_area,54.15425856863856
2023.3,Seocho-gu,commercial_area,54.42457227885634
2023.4,Seocho-gu,commercial_area,54.31415877332695
2023.5,Seocho-gu,commercial_area,55.028285351748295
2023.6,Seocho-gu,commercial_area,54.775158212370506
2023.7,Seocho-gu,commercial_area,55.55335296713936
2023.8,Seocho-gu,commercial_area,56.15325599496569
2023.9,Seocho-gu,commercial_area,55.17277134271289
2023.10,Seocho-gu,commercial_area,55.03496461859594
2023.11,Seocho-gu,commercial_area,55.296020916846544
2023.12,Seocho-gu,commercial_area,54.086103062421905
2023.1,Seocho-gu,industrial_area,43.57402590774907
2023.2,Seocho-gu,industrial_area,41.83664970621417
2023.3,Seocho-gu,industrial_area,42.07012138261872
2023.4,Seocho-gu,industrial_area,41.65214128172733
2023.5,Seocho-gu,industrial_area,42.962519793005605
2023.6,Seocho-gu,industrial_area,41.791380426161
2023.7,Seocho-gu,industrial_area,42.148522757882176
2023.8,Seocho-gu,industrial_area,46.5976793380902
2023.9,Seocho-gu,industrial_area,45.873210979019895
2023.10,Seocho-gu,industrial_area,42.88978549663035
2023.11,Seocho-gu,industrial_area,43.33541880418257
2023.12,Seocho-gu,industrial_area,43.0979383994761
2023.1,Seocho-gu,main_street,65.5367958332459
2023.2,Seocho-gu,main_street,65.5301586109969
2023.3,Seocho-gu,main_street,65.80686020812941
2023.4,Seocho-gu,main_street,65.13755964329933
2023.5,Seocho-gu,main_street,65.26400934472976
2023.6,Seocho-gu,main_street,65.59756211202635
2023.7,Seocho-gu,main_street,64.81336875764832
2023.8,Seocho-gu,main_street,65.29805561690479
2023.9,Seocho-gu,main_street,65.37411428046737
2023.10,Seocho-gu,main_street,65.33476881090189
2023.11,Seocho-gu,main_street,65.2957330643631
2023.12,Seocho-gu,main_street,64.66688265596147
2023.1,Seocho-gu,parks,42.95238095238095
2023.1,Seocho-gu,residential_area,48.366503518901546
2023.2,Seocho-gu,residential_area,48.10158247437011
2023.3,Seocho-gu,residential_area,48.43410218370784
2023.4,Seocho-gu,residential_area,47.7546040056673
2023.5,Seocho-gu,residential_area,47.8892074389297
2023.6,Seocho-gu,residential_area,47.798491287572205
2023.7,Seocho-gu,residential_area,49.41745944234397
2023.8,Seocho-gu,residential_area,50.25924216538895
2023.9,Seocho-gu,residential_area,49.024807958808154
2023.10,Seocho-gu,residential_area,48.553555881181765
2023.11,Seocho-gu,residential_area,48.639504418899364
2023.12,Seocho-gu,residential_area,48.743414495372406
2023.1,Seocho-gu,roads_and_parks,53.469776966913315
2023.2,Seocho-gu,roads_and_parks,54.00156643744788
2023.3,Seocho-gu,roads_and_parks,54.8283356539013
2023.4,Seocho-gu,roads_and_parks,54.150691732346935
2023.5,Seocho-gu,roads_and_parks,55.11188380438525
2023.6,Seocho-gu,roads_and_parks,53.58257451821922
2023.7,Seocho-gu,roads_and_parks,162.5939720872627
2023.8,Seocho-gu,roads_and_parks,53.70989834910344
2023.9,Seocho-gu,roads_and_parks,54.862153198990306
2023.10,Seocho-gu,roads_and_parks,53.168573860006646
2023.11,Seocho-gu,roads_and_parks,53.37216025903598
2023.12,Seocho-gu,roads_and_parks,52.07488910817273
2023.1,Seodaemun-gu,commercial_area,44.67518469309127
2023.2,Seodaemun-gu,commercial_area,44.302321805134376
2023.3,Seodaemun-gu,commercial_area,44.25192290245921
2023.4,Seodaemun-gu,commercial_area,45.105275238607405
2023.5,Seodaemun-gu,commercial_area,49.22693238251119
2023.6,Seodaemun-gu,commercial_area,51.17951297165765
2023.7,Seodaemun-gu,commercial_area,49.14792809695734
2023.8,Seodaemun-gu,commercial_area,45.52121270772276
2023.9,Seodaemun-gu,commercial_area,44.37548939364586
2023.10,Seodaemun-gu,commercial_area,43.725981722990355
2023.11,Seodaemun-gu,commercial_area,44.243561638833434
2023.12,Seodaemun-gu,commercial_area,44.46752356990438
2023.1,Seodaemun-gu,public_facilities,54.69257688836722
2023.2,Seodaemun-gu,public_facilities,54.70816438352936
2023.3,Seodaemun-gu,public_facilities,53.983656996883575
2023.4,Seodaemun-gu,public_facilities,53.32502305480866
2023.5,Seodaemun-gu,public_facilities,53.2823622308614
2023.6,Seodaemun-gu,public_facilities,53.37015918719315
2023.7,Seodaemun-gu,public_facilities,53.8656665678034
2023.8,Seodaemun-gu,public_facilities,55.020286085872605
2023.9,Seodaemun-gu,public_facilities,53.39721514077572
2023.10,Seodaemun-gu,public_facilities,53.58018095191128
2023.11,Seodaemun-gu,public_facilities,54.02279620928928
2023.12,Seodaemun-gu,public_facilities,53.29986090913393
2023.1,Seodaemun-gu,residential_area,45.96743979609535
2023.2,Seodaemun-gu,residential_area,45.45588317881907
2023.3,Seodaemun-gu,residential_area,45.99085597118549
2023.4,Seodaemun-gu,residential_area,45.08657242085804
2023.5,Seodaemun-gu,residential_area,45.678435945704265
2023.6,Seodaemun-gu,residential_area,45.0935106885103
2023.7,Seodaemun-gu,residential_area,84.02170621537826
2023.8,Seodaemun-gu,residential_area,46.82936378383701
2023.9,Seodaemun-gu,residential_area,43.899651320717346
2023.10,Seodaemun-gu,residential_area,43.69421592233663
2023.11,Seodaemun-gu,residential_area,44.6667424607741
2023.12,Seodaemun-gu,residential_area,44.616285394318346
2023.1,Seodaemun-gu,roads_and_parks,46.149138769548316
2023.2,Seodaemun-gu,roads_and_parks,47.812968118198306
2023.3,Seodaemun-gu,roads_and_parks,57.47530146621275
2023.4,Seodaemun-gu,roads_and_parks,55.458673434302874
2023.5,Seodaemun-gu,roads_and_parks,57.448758548130236
2023.6,Seodaemun-gu,roads_and_parks,57.430426876314186
2023.7,Seodaemun-gu,roads_and_parks,75.592162661165
2023.8,Seodaemun-gu,roads_and_parks,58.317210928905155
2023.9,Seodaemun-gu,roads_and_parks,57.01184595571947
2023.10,Seodaemun-gu,roads_and_parks,56.63180893655614
2023.11,Seodaemun-gu,roads_and_parks,57.080229556117466
2023.12,Seodaemun-gu,roads_and_parks,56.72856116659972
2023.1,Seodaemun-gu,traditional_markets,55.40569394304545
2023.2,Seodaemun-gu,traditional_markets,55.140781098024526
2023.3,Seodaemun-gu,traditional_markets,55.22750065712957
2023.4,Seodaemun-gu,traditional_markets,55.56619911074152
2023.5,Seodaemun-gu,traditional_markets,56.284854997443745
2023.6,Seodaemun-gu,traditional_markets,57.030443155990696
2023.7,Seodaemun-gu,traditional_markets,57.442881063750136
2023.8,Seodaemun-gu,traditional_markets,56.893588696813076
2023.9,Seodaemun-gu,traditional_markets,56.12746969449363
2023.10,Seodaemun-gu,traditional_markets,56.15175530489765
2023.11,Seodaemun-gu,traditional_markets,56.26323657831652
2023.12,Seodaemun-gu,traditional_markets,55.72457628797426
2023.1,Seongbuk-gu,commercial_area,56.29298923089951
2023.2,Seongbuk-gu,commercial_area,56.88450689346213
2023.3,Seongbuk-gu,commercial_area,57.250801482360814
2023.4,Seongbuk-gu,commercial_area,56.70864391835331
2023.5,Seongbuk-gu,commercial_area,57.46804174885476
2023.6,Seongbuk-gu,commercial_area,57.358620316673374
2023.7,Seongbuk-gu,commercial_area,57.75957394838273
2023.8,Seongbuk-gu,commercial_area,57.47002500618967
2023.9,Seongbuk-gu,commercial_area,57.23655821081316
2023.10,Seongbuk-gu,commercial_area,57.01202141175199
2023.11,Seongbuk-gu,commercial_area,57.28278171386072
2023.12,Seongbuk-gu,commercial_area,57.20961295245048
2023.1,Seongbuk-gu,industrial_area,57.025830193745364
2023.2,Seongbuk-gu,industrial_area,57.52846120281713
2023.3,Seongbuk-gu,industrial_area,57.82183079246564
2023.4,Seongbuk-gu,industrial_area,57.065125370687404
2023.5,Seongbuk-gu,industrial_area,57.510737049188
2023.6,Seongbuk-gu,industrial_area,56.935256719064554
2023.7,Seongbuk-gu,industrial_area,56.53266385783073
2023.8,Seongbuk-gu,industrial_area,57.073652224820904
2023.9,Seongbuk-gu,industrial_area,56.83375686050317
2023.10,Seongbuk-gu,industrial_area,57.68527196183232
2023.11,Seongbuk-gu,industrial_area,54.91546879609237
2023.12,Seongbuk-gu,industrial_area,53.65311667928771
2023.1,Seongbuk-gu,residential_area,46.38580523140324
2023.2,Seongbuk-gu,residential_area,45.6756414431685
2023.3,Seongbuk-gu,residential_area,45.42305149365105
2023.4,Seongbuk-gu,residential_area,45.032975995567476
2023.5,Seongbuk-gu,residential_area,45.82842476836981
2023.6,Seongbuk-gu,residential_area,45.51388872304566
2023.7,Seongbuk-gu,residential_area,60.13613761657233
2023.8,Seongbuk-gu,residential_area,47.48414051056086
2023.9,Seongbuk-gu,residential_area,46.50875718669067
2023.10,Seongbuk-gu,residential_area,45.88117050392857
2023.11,Seongbuk-gu,residential_area,46.23133318676309
2023.12,Seongbuk-gu,residential_area,46.20337669949239
2023.1,Seongbuk-gu,roads_and_parks,57.707492332269
2023.2,Seongbuk-gu,roads_and_parks,57.536156734181056
2023.3,Seongbuk-gu,roads_and_parks,57.93773575431228
2023.4,Seongbuk-gu,roads_and_parks,57.43259868859825
2023.5,Seongbuk-gu,roads_and_parks,57.99956534590605
2023.6,Seongbuk-gu,roads_and_parks,58.85186339746945
2023.7,Seongbuk-gu,roads_and_parks,58.78023874368579
2023.8,Seongbuk-gu,roads_and_parks,59.2331038628803
2023.9,Seongbuk-gu,roads_and_parks,58.45707714614865
2023.10,Seongbuk-gu,roads_and_parks,56.96826918669616
2023.11,Seongbuk-gu,roads_and_parks,57.142222601943786
2023.12,Seongbuk-gu,roads_and_parks,54.905541008352664
2023.1,Seongdong-gu,commercial_area,49.5647657672457
2023.2,Seongdong-gu,commercial_area,49.365692115879604
2023.3,Seongdong-gu,commercial_area,50.87177572119427
2023.4,Seongdong-gu,commercial_area,49.263417278054206
2023.5,Seongdong-gu,commercial_area,49.71586591180028
2023.6,Seongdong-gu,commercial_area,49.862921681109896
2023.7,Seongdong-gu,commercial_area,54.438643989457624
2023.8,Seongdong-gu,commercial_area,54.14046614602606
2023.9,Seongdong-gu,commercial_area,51.485267589143554
2023.1,Seongdong-gu,industrial_area,47.46017882141544
2023.2,Seongdong-gu,industrial_area,47.10109854208406
2023.3,Seongdong-gu,industrial_area,46.93640053189275
2023.4,Seongdong-gu,industrial_area,46.322008190230854
2023.5,Seongdong-gu,industrial_area,47.77848150236458
2023.6,Seongdong-gu,industrial_area,47.215040721645835
2023.7,Seongdong-gu,industrial_area,79.1412915196073
2023.8,Seongdong-gu,industrial_area,52.71097182380536
2023.9,Seongdong-gu,industrial_area,49.18069246461615
2023.10,Seongdong-gu,industrial_area,46.9445930620791
2023.11,Seongdong-gu,industrial_area,47.49395101619174
2023.12,Seongdong-gu,industrial_area,45.997715141102596
2023.1,Seongdong-gu,main_street,51.7880952303956
2023.2,Seongdong-gu,main_street,51.850790974675256
2023.3,Seongdong-gu,main_street,52.08250424098429
2023.4,Seongdong-gu,main_street,52.26835224188204
2023.5,Seongdong-gu,main_street,53.323518866701484
2023.6,Seongdong-gu,main_street,54.58442995992256
2023.7,Seongdong-gu,main_street,476.4546163118122
2023.8,Seongdong-gu,main_street,55.82955064626997
2023.9,Seongdong-gu,main_street,52.90641350600027
2023.10,Seongdong-gu,main_street,51.69626933559756
2023.11,Seongdong-gu,main_street,51.82861347226911
2023.12,Seongdong-gu,main_street,55.10478648346236
2023.1,Seongdong-gu,parks,60.39847125733431
2023.2,Seongdong-gu,parks,60.77640607255979
2023.3,Seongdong-gu,parks,63.18559902770939
2023.4,Seongdong-gu,parks,61.99999772086553
2023.5,Seongdong-gu,parks,61.01265816777852
2023.6,Seongdong-gu,parks,61.65080334586359
2023.7,Seongdong-gu,parks,61.439000867626035
2023.8,Seongdong-gu,parks,61.115498086177666
2023.9,Seongdong-gu,parks,59.290483581855995
2023.10,Seongdong-gu,parks,58.92464537543274
2023.11,Seongdong-gu,parks,62.05135883001229
2023.12,Seongdong-gu,parks,59.484356607254135
2023.1,Seongdong-gu,residential_area,46.69759388547659
2023.2,Seongdong-gu,residential_area,46.3387009988532
2023.3,Seongdong-gu,residential_area,46.011160399327096
2023.4,Seongdong-gu,residential_area,45.50247458180285
2023.5,Seongdong-gu,residential_area,46.15711033345653
2023.6,Seongdong-gu,residential_area,46.0865834691448
2023.7,Seongdong-gu,residential_area,58.24264439361515
2023.8,Seongdong-gu,residential_area,50.43534311592374
2023.9,Seongdong-gu,residential_area,46.40240986703565
2023.10,Seongdong-gu,residential_area,45.457211623906254
2023.11,Seongdong-gu,residential_area,46.56495693498311
2023.12,Seongdong-gu,residential_area,46.695539290463294
2023.1,Seongdong-gu,roads_and_parks,69.15469993082883
2023.2,Seongdong-gu,roads_and_parks,69.75424323549275
2023.3,Seongdong-gu,roads_and_parks,70.24258369219233
2023.4,Seongdong-gu,roads_and_parks,69.34963522588522
2023.5,Seongdong-gu,roads_and_parks,69.28632021395978
2023.6,Seongdong-gu,roads_and_parks,69.22594353993851
2023.7,Seongdong-gu,roads_and_parks,69.25748454561256
2023.8,Seongdong-gu,roads_and_parks,69.12711163179424
2023.9,Seongdong-gu,roads_and_parks,68.49032549325129
2023.10,Seongdong-gu,roads_and_parks,68.17144223175305
2023.11,Seongdong-gu,roads_and_parks,68.58723559785989
2023.12,Seongdong-gu,roads_and_parks,67.81966235931351
2023.1,Songpa-gu,commercial_area,49.16749398632814
2023.2,Songpa-gu,commercial_area,48.67520736037636
2023.3,Songpa-gu,commercial_area,48.77082652277302
2023.4,Songpa-gu,commercial_area,47.62780405819806
2023.5,Songpa-gu,commercial_area,49.56853998101436
2023.6,Songpa-gu,commercial_area,50.319973038702706
2023.7,Songpa-gu,commercial_area,48.91164263493573
2023.8,Songpa-gu,commercial_area,49.99206153726439
2023.9,Songpa-gu,commercial_area,47.79948406314898
2023.10,Songpa-gu,commercial_area,48.44437498513537
2023.11,Songpa-gu,commercial_area,49.080393749667486
2023.12,Songpa-gu,commercial_area,49.113470888605725
2023.1,Songpa-gu,industrial_area,51.50299093356963
2023.2,Songpa-gu,industrial_area,50.87032646465304
2023.3,Songpa-gu,industrial_area,50.39516770171532
2023.4,Songpa-gu,industrial_area,50.40478005965009
2023.5,Songpa-gu,industrial_area,52.41374085674158
2023.6,Songpa-gu,industrial_area,53.923122773108
2023.7,Songpa-gu,industrial_area,54.75416947148667
2023.8,Songpa-gu,industrial_area,53.55641299723154
2023.9,Songpa-gu,industrial_area,50.789056639493424
2023.10,Songpa-gu,industrial_area,46.80124815383576
2023.11,Songpa-gu,industrial_area,47.580225221313135
2023.12,Songpa-gu,industrial_area,46.84581186943376
2023.1,Songpa-gu,parks,55.77707873114514
2023.2,Songpa-gu,parks,55.309771659354546
2023.3,Songpa-gu,parks,56.19952018695549
2023.4,Songpa-gu,parks,56.62956590078881
2023.5,Songpa-gu,parks,56.19148971197607
2023.6,Songpa-gu,parks,56.770544480768976
2023.7,Songpa-gu,parks,57.70123318003803
2023.8,Songpa-gu,parks,58.19927849524293
2023.9,Songpa-gu,parks,57.22633985994925
2023.10,Songpa-gu,parks,57.50883174784972
2023.11,Songpa-gu,parks,57.181887266504226
2023.12,Songpa-gu,parks,55.967125387226645
2023.1,Songpa-gu,residential_area,46.352112503537676
2023.2,Songpa-gu,residential_area,45.908515539312695
2023.3,Songpa-gu,residential_area,45.63795418175785
2023.4,Songpa-gu,residential_area,45.43713090617
2023.5,Songpa-gu,residential_area,46.01073939453049
2023.6,Songpa-gu,residential_area,45.946035256734916
2023.7,Songpa-gu,residential_area,48.007307841196614
2023.8,Songpa-gu,residential_area,49.64758271790984
2023.9,Songpa-gu,residential_area,46.777064121515664
2023.10,Songpa-gu,residential_area,45.39387831756422
2023.11,Songpa-gu,residential_area,45.978964254748746
2023.12,Songpa-gu,residential_area,45.75935889630636
2023.1,Songpa-gu,roads_and_parks,59.5231748049723
2023.2,Songpa-gu,roads_and_parks,59.75302505593312
2023.3,Songpa-gu,roads_and_parks,60.189347120051025
2023.4,Songpa-gu,roads_and_parks,59.59086885614316
2023.5,Songpa-gu,roads_and_parks,59.58349426495651
2023.6,Songpa-gu,roads_and_parks,59.59449727031814
2023.7,Songpa-gu,roads_and_parks,60.71773985255357
2023.8,Songpa-gu,roads_and_parks,61.218284897582485
2023.9,Songpa-gu,roads_and_parks,59.32398224881327
2023.10,Songpa-gu,roads_and_parks,58.18635387868874
2023.11,Songpa-gu,roads_and_parks,57.555835320308944
2023.12,Songpa-gu,roads_and_parks,57.55985274001048
2023.1,Songpa-gu,traditional_markets,55.92020054965175
2023.2,Songpa-gu,traditional_markets,56.33536695335232
2023.3,Songpa-gu,traditional_markets,55.49314833572464
2023.4,Songpa-gu,traditional_markets,55.96046911091298
2023.5,Songpa-gu,traditional_markets,56.153098833033226
2023.6,Songpa-gu,traditional_markets,55.47061218765556
2023.7,Songpa-gu,traditional_markets,56.513200308736536
2023.8,Songpa-gu,traditional_markets,57.29425510754623
2023.9,Songpa-gu,traditional_markets,55.61418100990506
2023.10,Songpa-gu,traditional_markets,55.286531498163754
2023.11,Songpa-gu,traditional_markets,55.765657091881145
2023.12,Songpa-gu,traditional_markets,55.81140541036253
2023.1,Yangcheon-gu,commercial_area,49.06640042011565
2023.2,Yangcheon-gu,commercial_area,48.69201948875665
2023.3,Yangcheon-gu,commercial_area,48.55979637223571
2023.4,Yangcheon-gu,commercial_area,48.376435513082626
2023.5,Yangcheon-gu,commercial_area,48.395979417130455
2023.6,Yangcheon-gu,commercial_area,48.034396822594644
2023.7,Yangcheon-gu,commercial_area,48.3340782513864
2023.8,Yangcheon-gu,commercial_area,47.98677492556639
2023.9,Yangcheon-gu,commercial_area,48.09713622363661
2023.10,Yangcheon-gu,commercial_area,48.358534229631424
2023.11,Yangcheon-gu,commercial_area,48.6853055719324
2023.12,Yangcheon-gu,commercial_area,48.5476368028316
2023.1,Yangcheon-gu,industrial_area,50.762233340463226
2023.2,Yangcheon-gu,industrial_area,50.86242048772802
2023.3,Yangcheon-gu,industrial_area,50.81376088094594
2023.4,Yangcheon-gu,industrial_area,49.493620027338906
2023.5,Yangcheon-gu,industrial_area,49.52049333031007
2023.6,Yangcheon-gu,industrial_area,49.1923013566461
2023.7,Yangcheon-gu,industrial_area,52.38869482140854
2023.8,Yangcheon-gu,industrial_area,51.679605058895405
2023.9,Yangcheon-gu,industrial_area,47.39003223646583
2023.10,Yangcheon-gu,industrial_area,46.993066335191244
2023.11,Yangcheon-gu,industrial_area,46.186176248300995
2023.12,Yangcheon-gu,industrial_area,45.4822152838218
2023.1,Yangcheon-gu,main_street,64.54579440759755
2023.2,Yangcheon-gu,main_street,64.37579165605935
2023.3,Yangcheon-gu,main_street,64.68719099885062
2023.4,Yangcheon-gu,main_street,64.07198617447641
2023.5,Yangcheon-gu,main_street,63.96949207305458
2023.6,Yangcheon-gu,main_street,64.46297247790079
2023.7,Yangcheon-gu,main_street,64.69828109079651
2023.8,Yangcheon-gu,main_street,64.38291830554294
2023.9,Yangcheon-gu,main_street,63.615839014092636
2023.10,Yangcheon-gu,main_street,63.18022149247344
2023.11,Yangcheon-gu,main_street,63.35060146614109
2023.12,Yangcheon-gu,main_street,62.57261313656668
2023.1,Yangcheon-gu,residential_area,46.7873348825154
2023.2,Yangcheon-gu,residential_area,46.45125016335448
2023.3,Yangcheon-gu,residential_area,46.37652363068763
2023.4,Yangcheon-gu,residential_area,45.865151165274696
2023.5,Yangcheon-gu,residential_area,46.23935390832433
2023.6,Yangcheon-gu,residential_area,46.181813591184905
2023.7,Yangcheon-gu,residential_area,51.92984013201613
2023.8,Yangcheon-gu,residential_area,49.39573995938586
2023.9,Yangcheon-gu,residential_area,46.361363892087304
2023.10,Yangcheon-gu,residential_area,45.4710096218593
2023.11,Yangcheon-gu,residential_area,46.208451152439636
2023.12,Yangcheon-gu,residential_area,45.795279907346604
2023.1,Yangcheon-gu,roads_and_parks,62.101016985979385
2023.2,Yangcheon-gu,roads_and_parks,61.80768260846386
2023.3,Yangcheon-gu,roads_and_parks,62.13423816646586
2023.4,Yangcheon-gu,roads_and_parks,61.56566182165
2023.5,Yangcheon-gu,roads_and_parks,61.12305214617205
2023.6,Yangcheon-gu,roads_and_parks,60.99466893936475
2023.7,Yangcheon-gu,roads_and_parks,61.8107848253653
2023.8,Yangcheon-gu,roads_and_parks,62.34304594220699
2023.9,Yangcheon-gu,roads_and_parks,61.20999450169632
2023.10,Yangcheon-gu,roads_and_parks,60.60762683846212
2023.11,Yangcheon-gu,roads_and_parks,60.876956303757524
2023.12,Yangcheon-gu,roads_and_parks,60.64478878672231
2023.1,Yangcheon-gu,traditional_markets,45.20765425802756
2023.2,Yangcheon-gu,traditional_markets,45.44156765700949
2023.3,Yangcheon-gu,traditional_markets,44.46388116373561
2023.4,Yangcheon-gu,traditional_markets,43.04826213375964
2023.5,Yangcheon-gu,traditional_markets,43.20302262013242
2023.6,Yangcheon-gu,traditional_markets,43.07655544834326
2023.7,Yangcheon-gu,traditional_markets,43.79094158546405
2023.8,Yangcheon-gu,traditional_markets,43.98277171686347
2023.9,Yangcheon-gu,traditional_markets,44.00480971148133
2023.10,Yangcheon-gu,traditional_markets,43.12246760042453
2023.11,Yangcheon-gu,traditional_markets,43.391046920096365
2023.12,Yangcheon-gu,traditional_markets,42.507490791002695
2023.1,Yeongdeungpo-gu,commercial_area,48.59347261719234
2023.2,Yeongdeungpo-gu,commercial_area,48.628603387289374
2023.3,Yeongdeungpo-gu,commercial_area,49.011231674554466
2023.4,Yeongdeungpo-gu,commercial_area,48.442060865879114
2023.5,Yeongdeungpo-gu,commercial_area,48.93141776863997
2023.6,Yeongdeungpo-gu,commercial_area,49.20665066806583
2023.7,Yeongdeungpo-gu,commercial_area,49.93611715990885
2023.8,Yeongdeungpo-gu,commercial_area,49.57491393476769
2023.9,Yeongdeungpo-gu,commercial_area,49.82468553249409
2023.10,Yeongdeungpo-gu,commercial_area,49.300104752057074
2023.11,Yeongdeungpo-gu,commercial_area,49.33545283564793
2023.12,Yeongdeungpo-gu,commercial_area,49.27824999606887
2023.1,Yeongdeungpo-gu,industrial_area,47.16551284184538
2023.2,Yeongdeungpo-gu,industrial_area,46.85240103071509
2023.3,Yeongdeungpo-gu,industrial_area,46.47811100584302
2023.4,Yeongdeungpo-gu,industrial_area,45.709006128085875
2023.5,Yeongdeungpo-gu,industrial_area,45.944738305317216
2023.6,Yeongdeungpo-gu,industrial_area,45.10480886928183
2023.7,Yeongdeungpo-gu,industrial_area,47.50459958474951
2023.8,Yeongdeungpo-gu,industrial_area,49.44559345125632
2023.9,Yeongdeungpo-gu,industrial_area,46.244025051127515
2023.10,Yeongdeungpo-gu,industrial_area,45.61277305136188
2023.11,Yeongdeungpo-gu,industrial_area,46.27590748318589
2023.12,Yeongdeungpo-gu,industrial_area,45.453221430945206
2023.1,Yeongdeungpo-gu,residential_area,46.48364478700003
2023.2,Yeongdeungpo-gu,residential_area,46.47842358070545
2023.3,Yeongdeungpo-gu,residential_area,46.09587714209527
2023.4,Yeongdeungpo-gu,residential_area,45.72235782949442
2023.5,Yeongdeungpo-gu,residential_area,45.82185056958313
2023.6,Yeongdeungpo-gu,residential_area,45.744365208808965
2023.7,Yeongdeungpo-gu,residential_area,54.7415755134709
2023.8,Yeongdeungpo-gu,residential_area,49.13774360873181
2023.9,Yeongdeungpo-gu,residential_area,45.81661339430587
2023.10,Yeongdeungpo-gu,residential_area,45.09717152246039
2023.11,Yeongdeungpo-gu,residential_area,45.3285740939
2023.12,Yeongdeungpo-gu,residential_area,44.90976515410174
2023.1,Yeongdeungpo-gu,roads_and_parks,66.97609821889388
2023.2,Yeongdeungpo-gu,roads_and_parks,65.84740612612863
2023.3,Yeongdeungpo-gu,roads_and_parks,59.81431418845718
2023.4,Yeongdeungpo-gu,roads_and_parks,60.52864503057202
2023.5,Yeongdeungpo-gu,roads_and_parks,58.7865088998095
2023.6,Yeongdeungpo-gu,roads_and_parks,58.58001656861708
2023.7,Yeongdeungpo-gu,roads_and_parks,89.55090257119905
2023.8,Yeongdeungpo-gu,roads_and_parks,59.841785820049104
2023.9,Yeongdeungpo-gu,roads_and_parks,58.989872115705744
2023.10,Yeongdeungpo-gu,roads_and_parks,60.60549381084182
2023.11,Yeongdeungpo-gu,roads_and_parks,59.21342501410389
2023.12,Yeongdeungpo-gu,roads_and_parks,57.832517506347585
2023.1,Yongsan-gu,commercial_area,44.745239938370894
2023.2,Yongsan-gu,commercial_area,44.44844277904425
2023.3,Yongsan-gu,commercial_area,44.53033084016164
2023.4,Yongsan-gu,commercial_area,44.641978327000515
2023.5,Yongsan-gu,commercial_area,45.43936274510296
2023.6,Yongsan-gu,commercial_area,44.63576357760094
2023.7,Yongsan-gu,commercial_area,42.67164727571816
2023.8,Yongsan-gu,commercial_area,46.13351502322539
2023.9,Yongsan-gu,commercial_area,45.217586299779306
2023.10,Yongsan-gu,commercial_area,43.33486953156852
2023.11,Yongsan-gu,commercial_area,44.79841733073212
2023.12,Yongsan-gu,commercial_area,45.10573488486318
2023.1,Yongsan-gu,main_street,58.0505326978748
2023.2,Yongsan-gu,main_street,59.128457863999735
2023.3,Yongsan-gu,main_street,60.90174001362332
2023.4,Yongsan-gu,main_street,60.53248578917004
2023.5,Yongsan-gu,main_street,58.5435839421486
2023.6,Yongsan-gu,main_street,57.27146349530426
2023.7,Yongsan-gu,main_street,407.85726857010417
2023.8,Yongsan-gu,main_street,57.32960753915888
2023.9,Yongsan-gu,main_street,57.14999239199528
2023.10,Yongsan-gu,main_street,56.83095119536627
2023.11,Yongsan-gu,main_street,56.65086688163587
2023.12,Yongsan-gu,main_street,54.93062300222365
2023.1,Yongsan-gu,residential_area,46.06129346268943
2023.2,Yongsan-gu,residential_area,45.75188789642163
2023.3,Yongsan-gu,residential_area,45.38170125663347
2023.4,Yongsan-gu,residential_area,45.54222027279997
2023.5,Yongsan-gu,residential_area,45.72535719825003
2023.6,Yongsan-gu,residential_area,45.26218305576125
2023.7,Yongsan-gu,residential_area,53.58598962481151
2023.8,Yongsan-gu,residential_area,48.19892632522733
2023.9,Yongsan-gu,residential_area,45.53367525263668
2023.10,Yongsan-gu,residential_area,44.92187844945726
2023.11,Yongsan-gu,residential_area,45.485459474372234
2023.12,Yongsan-gu,residential_area,45.02298454523836
2023.1,Yongsan-gu,roads_and_parks,58.33994732979281
2023.2,Yongsan-gu,roads_and_parks,57.585969199541715
2023.3,Yongsan-gu,roads_and_parks,54.74039781460814
2023.4,Yongsan-gu,roads_and_parks,54.54094628510409
2023.5,Yongsan-gu,roads_and_parks,55.64366672140282
2023.6,Yongsan-gu,roads_and_parks,55.27317419280494
2023.7,Yongsan-gu,roads_and_parks,57.64923124741643
2023.8,Yongsan-gu,roads_and_parks,57.84278775896006
2023.9,Yongsan-gu,roads_and_parks,54.280313569726545
2023.10,Yongsan-gu,roads_and_parks,54.088691281553174
2023.11,Yongsan-gu,roads_and_parks,54.531014538434285
2023.12,Yongsan-gu,roads_and_parks,54.290704268122916
